SMILES,TARGET
*CC(F)(F)C1(F)CC(C(O)(C(F)(F)F)C(F)(F)F)CC1*,0.1159213210230764
*CCCCCCCCCCc1ccc(-c2c(-c3ccccc3)cc(-c3cccc(-c4cc(-c5ccccc5)c(-c5ccc(*)cc5)c(-c5ccccc5)c4-c4ccccc4)c3)c(-c3ccccc3)c2-c2ccccc2)cc1,0.21400490507791625
*CC(*)C(=O)N1CCCCC1,0.2205487235251281
*/C(=C(\c1ccccc1)c1ccc(*)cc1)c1ccccc1,0.3270734242610358
*CCCCCCCCCCN/C(C)=N/*,0.29438914370951585
*CCCCOC(=O)c1cccc(-c2cccc(C(=O)O*)c2)c1,0.20857079845548546
*CCCCOC(=O)c1ccc(-c2ccc(C(=O)O*)cc2)cc1,0.24843732858796938
*c1nc2cc(-c3ccc4[nH]c(-c5ccc(*)o5)nc4c3)ccc2[nH]1,0.4100293453232495
*CC(*)c1ccc(COCCCCCC)cc1,0.2520972214531483
*C(=C=C=C(*)CCCCOS(=O)(=O)c1ccc(C)cc1)CCCCOS(=O)(=O)c1ccc(C)cc1,0.21400490507791625
*C(=C=C=C(*)CCCCOC(=O)NCC)CCCCOC(=O)NCC,0.2593859733768735
*OC(C)COC(=O)CCCCSCCCCC(*)=O,0.21727681430152218
*CCCCSSCCCSS*,0.1649232776863463
*c1ccc2c(c1)C(=O)N(c1ccc(C(c3ccc(N4C(=O)c5ccc(C(*)(C(F)(F)F)C(F)(F)F)cc5C4=O)cc3)(C(F)(F)F)C(F)(F)F)cc1)C2=O,0.15372160803069726
*CC(*)c1ccc(C(=O)N2CCOCC2)cc1,0.240881827476124
*Oc1ccc(C2(c3ccc(OC(*)=O)c(C)c3)CCCCC2)cc1C,0.18953670334466297
*CC(*)(F)C(=O)OCC(F)(F)C(F)(F)C(F)(F)F,0.1028521543533669
*c1c(*)c2ccccc2c2ccccc12,0.09840730106982878
*CC(*)c1ccccc1,0.20976635173461625
*CC(*)c1ccc(COCCOCCCC)cc1,0.26120007275926765
*CCCCCc1ccc(CCCCCOC(=O)c2ccc(C(=O)O*)cc2)cc1,0.27389876843602645
*CC(*)(F)C(=O)OCC(F)(F)C(F)(F)C(F)(F)C(F)(F)C(F)(F)C(F)(F)C(F)(F)C(F)(F)C(F)(F)C(F)(F)C(F)(F)F,0.10137053659218753
*Oc1ccc(C2(c3ccc(OC(*)=O)cc3)c3ccccc3-c3ccccc32)cc1,0.23586600671477345
*CCc1cc(*)c(C)cc1C,0.2018458112603741
*CC(O)COc1c(Cl)cc(C(C)(C)c2cc(Cl)c(O*)c(Cl)c2)cc1Cl,0.1493000453839864
*CCCCOC(=O)c1ccccc1-c1ccccc1C(=O)O*,0.1973338443043524
*/C=C/c1cc(OCCc2ccccc2)c(*)cc1OC,0.282379136103573
*c1ccc(Oc2ccc(Oc3ccc(-c4nc5cc(C(c6ccc7oc(*)nc7c6)(C(F)(F)F)C(F)(F)F)ccc5o4)cc3)c3c2C2c4ccccc4C3c3ccccc32)cc1,0.1819269439964965
*c1ccc(Oc2ccc(Oc3ccc(C4Nc5ccc(-c6ccc7[nH]c(*)nc7c6)cc5O4)cc3)c3c2C2c4ccccc4C3c3ccccc32)cc1,0.2520972214531483
*Oc1c(Cl)cc(C2(c3cc(Cl)c(OC(*)=O)c(Cl)c3)CCCCC2)cc1Cl,0.1159213210230764
*CC(*)c1ccc(C(=O)N(CC)CC)cc1,0.21645883699562068
*c1ccc2c(c1)C(=O)N(c1ccc(Oc3ccc(N4C(=O)c5ccc(C(*)(C(F)(F)F)C(F)(F)F)cc5C4=O)cc3)cc1)C2=O,0.16942430651849305
*C1C(=O)N(C2CCCCC2)C(=O)C1*,0.1493000453839864
*CCc1ccc(CCOC(=O)c2ccc(C(=O)O*)cc2)cc1,0.23124650520584383
*CC(O)COc1ccc(C(C)(C)c2ccc(O*)cc2)cc1,0.20483469445820138
*Oc1ccc(C(C)(c2ccccc2)c2ccc(OC(*)=O)cc2)cc1,0.21081246085385588
*CC(=O)c1ccc(Oc2ccc(C(=O)COc3ccc(/C=C4\CC/C(=C\c5ccc(O*)c(OC)c5)C4=O)cc3OC)cc2)cc1,0.22951083395173738
*Cc1ccc2nc(-c3cc(-c4nc5ccc(*)cc5c(=O)o4)cc(N4C(=O)c5ccccc5C4=O)c3)oc(=O)c2c1,0.22864299832468415
*Oc1ccc(C(C)(C)c2ccc(OC(*)=O)cc2)cc1,0.23937708124771884
*c1sc(*)c2sc(CCCCCCCCC)nc12,0.437681319010654
*CC(*)(C)C(=O)OCC1CO1,0.19225788147882802
*/C=C/c1ccc(*)c(-c2cc(OCCC(C)C)c(OCCC(C)C)cc2-c2ccccc2)c1,0.3020860832686841
*c1ccc2ccc(*)cc2c1,0.22300265544283254
*CC(*)(F)C(=O)OCC(F)(F)C(F)(F)C(F)(F)C(F)(F)C(F)(F)C(F)F,0.1123554964911752
*CCc1ccc(*)c(C(C)=O)c1,0.2197307462192266
*CCCCCOC(=O)CCCCCNC(=O)O*,0.3106382383344265
*c1ccc(-c2sc(-c3cc(CCCCCCCCCCCC)c(*)s3)cc2CCCCCCCCCCCC)s1,0.3286096450214472
*Oc1ccc(C2(c3ccc(OC(*)=O)cc3)CCCCC2)cc1,0.19171092030128195
*c1ccc(-c2ccc(-c3ccc(C(*)c4c(F)c(F)c(F)c(F)c4F)cc3)cc2)cc1,0.2881318869333086
*c1ccc(Sc2ccc(N3C(=O)c4ccc(-c5ccc6c(c5)C(=O)N(*)C6=O)cc4C3=O)cc2)cc1,0.2520972214531483
*c1ccc(C(Cl)(Cl)C(*)Cl)cc1,0.12147741035002377
*c1ccc(C(F)(F)C(*)(F)F)cc1,0.10641245560467323
*/C=C/c1ccc(*)c(-c2ccc(OCC(CC)CCCC)c3ccccc23)c1,0.22136670083102958
*CC1(C)CC(N2C(=O)c3ccc(-c4ccc5c(c4)C(=O)N(*)C5=O)cc3C2=O)CC(C)(C)C1,0.23211434083289706
*c1ccc(Oc2ccc(C(c3ccc(Oc4ccc(-n5c(=O)c6cc7c(=O)n(*)c(=O)c7cc6c5=O)cc4C(F)(F)F)cc3)(C(F)(F)F)C(F)(F)F)cc2)c(C(F)(F)F)c1,0.21645883699562068
*c1sc(-c2cc(CCCCCCCCCC)c(*)s2)cc1CCCCCCCCCC,0.3020860832686841
*c1ccc(Oc2ccc(-c3csc(/N=C/c4ccc(OCCCCCCOc5ccc(/C=N/c6nc(*)cs6)cc5OC)c(OC)c4)n3)cc2)cc1,0.253012194669443
*c1ccc(C2C(C#N)(C(=O)OCCC)C(*)C2(C#N)C(=O)OCCC)cc1,0.25757187399447945
*Oc1ccc(C2(c3ccc(OC(*)=O)c(Cl)c3)CCCCC2)cc1Cl,0.16942430651849305
*c1c(-c2ccccc2)c(-c2ccccc2)c(*)c2cc(-c3ccc(C#Cc4ccccc4)c(C#Cc4ccccc4)c3)ccc12,0.22582282688375835
*CC(=O)c1ccc(Oc2ccc(C(=O)COc3ccc(/C=C4\CC/C(=C\c5ccc(O*)cc5)C4=O)cc3)cc2)cc1,0.2584789236856765
*CCC(=O)Oc1ccc(OC(=O)CCN2CCN(*)CC2)cc1,0.22582282688375835
*Oc1ccc(C(CCC)(CCC)c2ccc(OC(*)=O)cc2)cc1,0.22136670083102958
*CCc1ccc(CCOC(=O)CCc2ccc(CCC(=O)O*)cc2)cc1,0.312348669347575
*c1ccc2c(c1)C(=O)N(c1cccc(C(c3cccc(N4C(=O)c5ccc(C(*)(C(F)(F)F)C(F)(F)F)cc5C4=O)c3)(C(F)(F)F)C(F)(F)F)c1)C2=O,0.1181553046743267
*c1ccc(Oc2c3c(c(Oc4ccc(-c5nc6cc(C(c7ccc8oc(*)nc8c7)(C(F)(F)F)C(F)(F)F)ccc6o5)cc4)c4c2C2c5ccccc5C4c4ccccc42)C2c4ccccc4C3c3ccccc32)cc1,0.1159213210230764
*CC(*)(F)C(=O)OCC(F)(F)C(F)(F)C(F)(F)C(F)(F)C(F)(F)C(F)(F)C(F)(F)C(F)F,0.11473271284577596
*c1cccc(-c2nc3ccc(-c4ccc5oc(*)nc5c4)cc3o2)c1,0.35895000503957164
*CCCC1CCN(C(=O)SSCCCCSSC(=O)N2CCC(*)CC2)CC1,0.2248827697367831
*/C=C/c1cc(OCC2CC3CC2C2CCCC32)c(*)cc1OC,0.25757187399447945
*CC(*)c1ccc(C(=O)CCN2CCCCC2)cc1,0.22676288403073358
*c1ccc(C2C(C(=O)Oc3ccccc3)C(*)C2C(=O)Oc2ccccc2)cc1,0.22676288403073358
*CC(*)(CC(=O)OCCC1CCCCC1)C(=O)OCCC1CCCCC1,0.21645883699562068
*c1c(-c2ccccc2)c(-c2ccccc2)c(*)c2cc(Oc3ccc(C#Cc4ccccc4)c(C#Cc4ccccc4)c3)ccc12,0.16385949838105268
*/N=C/c1ccc(C=Nc2c(-c3ccccc3)cc(-c3ccc(-c4cc(-c5ccccc5)c(*)c(-c5ccccc5)c4)cc3)cc2-c2ccccc2)cc1,0.22136670083102958
*OS(=O)(=O)c1cccc(S(=O)(=O)Oc2ccc(C3(c4ccc(*)cc4)CCCCC3)cc2)c1,0.15372160803069726
*OC(=O)C(Cc1ccccc1)NC(=O)CCCCCCCCCCC(=O)NC(Cc1ccccc1)C(=O)OC1COC2C(*)COC12,0.2239427125898078
*CCc1c2ccccc2c(*)c2ccccc12,0.1705973798731077
*CCCCc1ccc(CCCCOC(=O)c2ccc(C(=O)O*)cc2)cc1,0.2418849916283941
*CC(*)c1ccc(C(=O)N(C)C)cc1,0.24660738215537992
*/C=C/C(C)C(*)C(=O)OC,0.196205852565347
*c1cccc2c(N3C(=O)c4ccc(-c5ccc6c(c5)C(=O)N(*)C6=O)cc4C3=O)cccc12,0.3080725918147038
*c1ccc(-c2ccc(-c3ccc(C(*)(c4c(F)c(F)c(F)c(F)c4F)C(F)(F)F)cc3)cc2)cc1,0.1775785100832586
*CC(*)(F)C#N,0.15747682254929074
*c1ccc(-c2ccc(C3(*)c4ccccc4-c4ccccc43)cc2)cc1,0.20857079845548546
*Oc1ccc(C2(c3ccc(OC(*)=O)cc3)CCCC2)cc1,0.2418849916283941
*CCc1ccc(*)c(C(=O)OC)c1,0.2456760173340283
*/C=C/c1cc(-c2ccc3c(c2)C(CCCCCCCC)(CCCCCCCC)c2ccccc2-3)c(*)cc1-c1ccc(F)cc1F,0.20483469445820138
*CCCc1ccc(CCCOC(=O)c2ccc(C(=O)O*)cc2)cc1,0.2493523018042641
*CC(c1ccccn1)C(c1ccccc1)C(*)c1ccccn1,0.15372160803069726
*/C=C/C(C(=O)OCc1ccc(Cl)cc1)C(*)C(=O)OCc1ccc(Cl)cc1,0.17375813387682928
*/C=C/C(C*)OC,0.2366076928563537
*/C=C/C1CC(*)C2C(=O)N(CCCCC)C(=O)C12,0.22375419575803407
*/C=C/C1CC(*)C2C(=O)N(CCCCCC)C(=O)C12,0.22160059165260648
*C(*)C(=O)OC,0.2089690803881705
*C(*)C(=O)OC(C)C,0.20761350119080163
*C(*)C(=O)OCC,0.21472156776346818
*C(*)C(=O)OCCC,0.22964485611722651
*C(=O)CCCCCCCCC(=O)N1CCN(*)CC1,0.28729682242021315
*C(=O)NC1CCC(CC2CCC(NC(=O)c3ccc(N4C(=O)c5ccc(*)cc5C4=O)cc3)CC2)CC1,0.2811496658828723
*C(=O)NCCCCCCNC(=O)c1ccc(N2C(=O)c3ccc(*)cc3C2=O)cc1,0.2781119452678975
*C(=O)NCCNC(=O)c1ccc(N2C(=O)c3ccc(*)cc3C2=O)cc1,0.24604724917618687
*C(=O)Nc1ccc(Cc2ccc(NC(=O)c3ccc(N4C(=O)c5ccc(*)cc5C4=O)cc3)cc2)cc1,0.28943408135442433
*C(=O)Nc1ccc(NC(=O)c2ccc3c(c2)C(=O)N(c2ccc(S(=O)(=O)c4ccc(N5C(=O)c6ccc(*)cc6C5=O)cc4)cc2)C3=O)cc1,0.27703917194005706
*C(=O)Nc1ccc(Oc2ccc(NC(=O)c3ccc4c(c3)C(=O)N(c3ccc(S(=O)(=O)c5ccc(N6C(=O)c7ccc(*)cc7C6=O)cc5)cc3)C4=O)cc2)cc1,0.2690163268906975
*C(=O)Nc1cccc(/C=C/C(=O)/C=C/c2cccc(NC(=O)c3ccc(N4C(=O)c5ccc(*)cc5C4=O)cc3)c2)c1,0.26883822941795804
*C(=O)Nc1cccc(C#Cc2cccc(N3C(=O)c4ccc(*)cc4C3=O)c2)c1,0.24016780359853865
*C(=O)Nc1cccc(NC(=O)/C=C/c2cccc(N3C(=O)c4ccc(*)cc4C3=O)c2)c1,0.26610450187972373
*C(=O)Nc1cccc(NC(=O)c2ccc(N3C(=O)c4ccc(*)cc4C3=O)cc2)c1,0.2842647871227565
*C(=O)OCCOC(=O)c1ccc(*)o1,0.21747932252592564
*C(=O)Oc1ccc(C(C)(C)c2ccc(OC(=O)c3ccc4c(c3)C(=O)N(c3ccc(Oc5ccc(N6C(=O)c7ccc(*)cc7C6=O)cc5)cc3)C4=O)cc2)cc1,0.26206488110707965
*C(=O)Oc1ccc(C(C)(C)c2ccc(OC(=O)c3ccc4c(c3)C(=O)n3c-4nc4ccc(Oc5ccc6c(c5)nc5n6C(=O)c6ccc(*)cc6-5)cc43)cc2)cc1,0.2369144274248574
*C(=O)c1ccc2c(c1)C(=O)N(c1c(C)c(C)c(N3C(=O)c4ccc(*)cc4C3=O)c(C)c1C)C2=O,0.24448365497269758
*C(=O)c1ccc2c(c1)C(=O)N(c1cc(C(c3ccc(O)c(N4C(=O)c5ccc(*)cc5C4=O)c3)(C(F)(F)F)C(F)(F)F)ccc1O)C2=O,0.18401375086837998
*C(=O)c1ccc2c(c1)C(=O)N(c1ccc(C(=O)Nc3ccc(N4C(=O)c5ccc(*)cc5C4=O)cc3)cc1)C2=O,0.28835963006111376
*C(=O)c1ccc2c(c1)C(=O)N(c1ccc(C(=O)Nc3cccc(N4C(=O)c5ccc(*)cc5C4=O)c3)cc1)C2=O,0.274763538786139
*C(=O)c1ccc2c(c1)C(=O)N(c1ccc(C3(c4ccc(N5C(=O)c6ccc(*)cc6C5=O)cc4)c4ccccc4-c4ccccc43)cc1)C2=O,0.21620975360828704
*C(=O)c1ccc2c(c1)C(=O)N(c1ccc(Cc3ccc(N4C(=O)c5ccc(*)cc5C4=O)c(C)c3)cc1C)C2=O,0.23888193050492904
*C(=O)c1ccc2c(c1)C(=O)N(c1ccc(Cc3ccc(N4C(=O)c5ccc(*)cc5C4=O)cc3)cc1)C2=O,0.25582282742514717
*C(=O)c1ccc2c(c1)C(=O)N(c1ccc(N3C(=O)c4ccc(*)cc4C3=O)c(C)c1)C2=O,0.26070497765459927
*C(=O)c1ccc2c(c1)C(=O)N(c1ccc(N3C(=O)c4ccc(*)cc4C3=O)nc1)C2=O,0.27100159888948794
*C(=O)c1ccc2c(c1)C(=O)N(c1ccc(Oc3cccc4c(Oc5ccc(N6C(=O)c7ccc(*)cc7C6=O)cc5)cccc34)cc1)C2=O,0.23881190527640092
*C(=O)c1ccc2c(c1)C(=O)N(c1cccc(C(=O)N(C)c3ccc(N4C(=O)c5ccc(*)cc5C4=O)cc3)c1)C2=O,0.23887784310790316
*C(=O)c1ccc2c(c1)C(=O)N(c1cccc(C(=O)Nc3ccc(N4C(=O)c5ccc(*)cc5C4=O)cc3)c1)C2=O,0.2652798626042725
*C(=O)c1ccc2c(c1)C(=O)N(c1cccc(N3C(=O)c4ccc(*)cc4C3=O)c1C)C2=O,0.2426558005571652
*C(=O)c1ccc2c(c1)C(=O)N(c1cccc(OCCOCCOc3cccc(N4C(=O)c5ccc(*)cc5C4=O)c3)c1)C2=O,0.22201118096498546
*C(C)C(*)O,0.25387278245807593
*C(C)C(*)OC,0.20726466114818795
*C(C)C(*)OC(C)(C)C,0.1952029644612161
*C(C)C(*)OC(C)C,0.21081026638172243
*C(C)C(*)OCC,0.2165972324819027
*C(C)C(*)OCC(C)C,0.20898571358094953
*C(C)C(*)OCCC,0.22157042251461573
*C(C)C(*)OCCCC,0.23231745705411638
*C(F)(F)C(*)(F)C(F)(F)F,0.09539335782220415
*C(F)(F)C(*)(F)OC(F)(F)C(F)(F)C(F)(F)C(F)(F)F,0.10310167132010016
*C(F)(F)C(*)(F)OC(F)(F)C(F)(F)F,0.1084184807134312
*C(F)(F)C(*)(F)OC(F)(F)F,0.1122688994817936
*C(F)(F)C(*)(F)c1c(F)c(F)c(F)c(F)c1F,0.10972009217610675
*C(F)(F)C(*)(OC(F)(F)F)OC(F)(F)F,0.09995373379396558
*C(F)C(*)(F)F,0.13710709679009458
*C(F)C(*)(F)OC(F)(F)F,0.11252163526207914
*C(OC(F)(F)F)C(*)(F)F,0.11121913561391766
*C(c1ccccc1)C(*)[N+](=O)[O-],0.16738396031727154
*C1C(*)C2CC1C1C=CCC12,0.15766745674380328
*C1C2CC(C)C(C2)C1*,0.17272526783250278
*C1CCC(CC2CCC(N3C(=O)C4C5C=CC(C6C(=O)N(*)C(=O)C56)C4C3=O)C(C)C2)CC1C,0.21329293214203227
*C1CCC(CC2CCC(N3C(=O)C4C5C=CC(C6C(=O)N(*)C(=O)C56)C4C3=O)CC2)CC1,0.22186877589134502
*C1Oc2ccccc2C1*,0.15468843092300957
*C=CC(C*)OC,0.22554927409902462
*CC(*)(C)C(=O)OCc1c(Cl)cccc1Cl,0.13675739825726207
*CC(*)(C)C(=O)OCc1cc(Cl)cc(Cl)c1,0.12798642031316257
*CC(*)(C)C(=O)OCc1cc(Cl)ccc1Cl,0.13588421355661248
*CC(*)(C)C(=O)OCc1ccc(Cl)c(Cl)c1,0.13735592727686446
*CC(*)(C)C(=O)OCc1ccc(Cl)cc1Cl,0.13362612555005568
*CC(*)(C)C(=O)OCc1cccc(Cl)c1,0.15564994557772655
*CC(*)(C)C(=O)OCc1cccc(Cl)c1Cl,0.13739719845635603
*CC(*)(C)OC,0.1962844793330562
*CC(*)(C)c1ccc2ccccc2c1,0.18308179697290655
*CC(*)(CC(=O)OCCC1CCCCC1)C(=O)OCCC1CCCCC1,0.20728070711267532
*CC(*)(F)F,0.14610587240543174
*CC(*)C(=O)N1CCCCC1,0.213217362663331
*CC(*)C(=O)OC(F)(C(F)(F)Cl)C(F)(F)Cl,0.10769250419318019
*CC(*)C(=O)OC(F)(C(F)(F)F)C(F)(F)Cl,0.1093435482260112
*CC(*)C(=O)OCC(C)C,0.22683172486883768
*CC(*)C(=O)OCC(F)(F)C(F)(F)F,0.13818715068238255
*CC(*)C(=O)OCCC,0.22986860199077205
*CC(*)C(=O)Oc1cccc(C(=O)OCC)c1,0.22349583333581136
*CC(*)C(=O)Oc1ccccc1C(=O)OC,0.20788858965663637
*CC(*)C(=O)Oc1ccccc1C(=O)OCC,0.20753384109341477
*CC(*)C(=O)c1ccc(Br)c(OC)c1,0.14867443669906205
*CC(*)C(=O)c1ccc(Br)cc1,0.1263490112651704
*CC(*)C(=O)c1ccc(C)c(C)c1,0.210883392886596
*CC(*)C(=O)c1ccc(CC)cc1,0.221213925985849
*CC(*)C(=O)c1ccc(CCC)cc1,0.2225103655239533
*CC(*)C(=O)c1ccc(Cl)cc1,0.13905425049619913
*CC(*)C(=O)c1ccc(OC)cc1,0.21795176669804048
*CC(*)C(=O)c1ccccc1,0.18214835235027813
*CC(*)C(=O)n1c2ccccc2c2ccccc21,0.1830096702432517
*CC(*)CCc1ccc(C)cc1,0.22399604768093767
*CC(*)Cc1cc(C)ccc1C,0.207783914474564
*CC(*)Cc1ccc(C)c(C)c1,0.20819718558521957
*CC(*)Cc1ccc(C)cc1,0.19676654324941037
*CC(*)Cc1cccc(C)c1,0.19864399631889282
*CC(*)Cc1ccccc1C,0.19754806557344146
*CC(*)N1CCNC1,0.2244741187396848
*CC(*)N1Cc2ccccc2N1,0.19714256072295733
*CC(*)OC(=O)C(C)(C(C)C)C(C)C,0.19840888285134536
*CC(*)OC(=O)C(C)(C)C(C)(C)CC,0.19662738308124952
*CC(*)OC(=O)C(C)(C)C(C)C(C)C,0.19816780033628345
*CC(*)OC(=O)C(C)(C)CCC,0.20785427939155723
*CC(*)OC(=O)C(F)(F)C(F)(F)C(F)(F)C(F)(F)C(F)(F)C(F)(F)C(F)(F)C(F)(F)C(F)(F)F,0.1151812803282056
*CC(*)OC(=O)C(F)(F)C(F)(F)C(F)(F)C(F)(F)C(F)(F)C(F)(F)C(F)(F)F,0.11754987150096144
*CC(*)OC(=O)C(F)(F)C(F)(F)C(F)(F)C(F)(F)C(F)(F)F,0.11503729962439377
*CC(*)OC(=O)C(F)(F)C(F)(F)C(F)(F)C(F)(F)F,0.11601126716532674
*CC(*)OC(=O)C(F)(F)C(F)(F)C(F)(F)F,0.12576833973424673
*CC(*)OC(=O)C(F)(F)C(F)(F)F,0.13298137493439366
*CC(*)OC(=O)C1(C)CCCCC1,0.1936721724538811
*CC(*)OC(=O)C1CCCCC1,0.2055707207118885
*CC(*)OC(=O)CC(C)(C)c1ccccc1,0.19577265858783374
*CC(*)OC(=O)CC1CCCC1,0.2236700728604033
*CC(*)OC(=O)CC1CCCCC1,0.20928427783488965
*CC(*)OC(=O)CCCC1CCCCC1,0.22944502303426936
*CC(*)OC(=O)CCCCC,0.24433162173335052
*CC(*)OC(=O)c1ccc(Br)cc1,0.13655085967443154
*CC(*)OC(=O)c1ccc(C#N)cc1,0.18389020228398115
*CC(*)OC(=O)c1ccc(C(C)C)cc1,0.22600392118812185
*CC(*)OC(=O)c1ccc(C)cc1,0.19579466781898108
*CC(*)OC(=O)c1ccc(CC)cc1,0.22128430700913876
*CC(*)OC(=O)c1ccc(Cl)cc1,0.1550663547428281
*CC(*)OC(=O)c1ccc(OC)cc1,0.20934312696330282
*CC(*)OC(=O)c1ccc(OCC)cc1,0.22019300876697867
*CC(*)OC(=O)c1cccc(Br)c1,0.13569352014552735
*CC(*)OC(=O)c1cccc(C)c1,0.19717246584723466
*CC(*)OC(=O)c1cccc(Cl)c1,0.15417501149086957
*CC(*)OC(=O)c1cccc(OC)c1,0.20753640074811114
*CC(*)OC(=O)c1cccc([N+](=O)[O-])c1,0.19128595358385342
*CC(*)OC(=O)c1ccccc1Cl,0.17392645818409186
*CC(*)OC(=O)c1ccccc1OC,0.20707728531106467
*CC(*)OC(=O)c1ccccc1OC(C)=O,0.2074082104991001
*CC(*)OC(=O)c1cccnc1,0.1894103829177247
*CC(*)OC(=O)c1ccncc1,0.18841522645935277
*CC(*)OC(C)(C)C,0.215161061113861
*CC(*)OC(C)CC,0.2232767323680569
*CC(*)OC(F)(C(F)(F)F)C(F)(F)F,0.10853045618772511
*CC(*)OC=O,0.22320579040549143
*CC(*)OCC(C)(C)C,0.20752666025728478
*CC(*)OCC(C)(C)CC,0.223327626271798
*CC(*)OCC(CC)CCCC,0.236185126333879
*CC(*)OCC(F)(F)F,0.1530373846033859
*CC(*)OCCC,0.22552473526875733
*CC(*)OCCCl,0.18347699305796966
*CC(*)OCCOC,0.23774805691727818
*CC(*)OCc1ccccc1,0.19578857583140066
*CC(*)P(=O)(OCC)N(C)C,0.1963760110962669
*CC(*)P(=O)(Oc1ccccc1)N(C)C,0.1879270176173548
*CC(*)P(=O)(c1ccccc1)c1ccccc1,0.15400415020949912
*CC(*)SC,0.19468186066109777
*CC(*)SCC,0.19822881556200195
*CC(*)SCCCC,0.22119123143278824
*CC(*)c1c(Cl)cccc1Cl,0.11141807545721252
*CC(*)c1c(F)c(F)c(F)c(F)c1F,0.11025324672606449
*CC(*)c1ccc(-c2ccc(-c3ccccc3)cc2)cc1,0.22445010206952748
*CC(*)c1ccc(-c2ccccc2)cc1,0.1940906715494058
*CC(*)c1ccc(Br)cc1,0.12581234470580915
*CC(*)c1ccc(C#N)cc1,0.1765304116501443
*CC(*)c1ccc(C(=O)C(F)(F)F)cc1,0.15469437561452093
*CC(*)c1ccc(C(=O)CC)cc1,0.2293039624405382
*CC(*)c1ccc(C(=O)CCC)cc1,0.23043052183579255
*CC(*)c1ccc(C(=O)CCCCC)cc1,0.24353127613870898
*CC(*)c1ccc(C(=O)CCN2CCCCC2)cc1,0.22997684077346442
*CC(*)c1ccc(C(=O)CCN2CCOCC2)cc1,0.22593425052951402
*CC(*)c1ccc(C(=O)Cc2ccccc2)cc1,0.20783275096784076
*CC(*)c1ccc(C(=O)N(C)C)cc1,0.2327073428531428
*CC(*)c1ccc(C(=O)N(CC)CC)cc1,0.22637739164304865
*CC(*)c1ccc(C(=O)N2CCCCC2)cc1,0.22342220688113107
*CC(*)c1ccc(C(=O)N2CCOCC2)cc1,0.21482425644113773
*CC(*)c1ccc(C(=O)OCC(C)C)cc1,0.2239167107020112
*CC(*)c1ccc(C(=O)OCC)cc1,0.22337831915782194
*CC(*)c1ccc(C(=O)OCCC)cc1,0.22664607426490693
*CC(*)c1ccc(C(=O)OCCCCCC)cc1,0.24351961382397552
*CC(*)c1ccc(C(=O)c2ccc(C)cc2)cc1,0.2272640019646148
*CC(*)c1ccc(C(=O)c2ccc(OC)cc2)cc1,0.23037968245054252
*CC(*)c1ccc(C(=O)c2ccccc2)cc1,0.20713912421695313
*CC(*)c1ccc(C(C)CC)cc1,0.22139278934916223
*CC(*)c1ccc(C(F)(F)C(F)(F)C(F)(F)C(F)(F)C(F)(F)C(F)(F)C(F)(F)F)cc1,0.11271923301183967
*CC(*)c1ccc(C(F)(F)C(F)(F)C(F)(F)C(F)(F)C(F)(F)C(F)F)cc1,0.11235507422289974
*CC(*)c1ccc(C(O)CCN2CCCCC2)cc1,0.2358313167413733
*CC(*)c1ccc(C(O)CCN2CCOCC2)cc1,0.22183528146111609
*CC(*)c1ccc(C)nc1,0.20708513376866883
*CC(*)c1ccc(COC(C)CC)cc1,0.23228290106009997
*CC(*)c1ccc(COC)cc1,0.21874626834520333
*CC(*)c1ccc(COCCC)cc1,0.22386488252344272
*CC(*)c1ccc(COCCCC)cc1,0.24484754510155746
*CC(*)c1ccc(COCCCCCC)cc1,0.24519697347390504
*CC(*)c1ccc(COCCCCO)cc1,0.2555352208462889
*CC(*)c1ccc(COCCO)cc1,0.2437826562019169
*CC(*)c1ccc(COCCOCC)cc1,0.23474477625797768
*CC(*)c1ccc(COCCOCCCC)cc1,0.23636306810476593
*CC(*)c1ccc(Cl)cc1,0.15230269293161816
*CC(*)c1ccc(F)cc1,0.1606323348761025
*CC(*)c1ccc(OC)cc1,0.20690649367239508
*CC(*)c1ccc(OCC)cc1,0.22731046485621817
*CC(*)c1ccc(OCCC)cc1,0.22863899640716717
*CC(*)c1ccc(OCCCC)cc1,0.2313084201720848
*CC(*)c1ccc(Oc2ccccc2)cc1,0.20852352457326528
*CC(*)c1ccc(S(=O)(=O)OCCC)cc1,0.19684283103630093
*CC(*)c1ccc2ccccc2c1,0.18399127488979267
*CC(*)c1ccccc1,0.1948668970624041
*CC(*)c1ccncc1,0.1887893237903876
*CC(=C)COCC(=C)COC(=O)O*,0.23036548721585598
*CC(C)(C)COC(=O)CCC(=O)O*,0.217568661792841
*CC(C)(CCC)C(=O)O*,0.19754117061179266
*CC(C)CNC(=O)O*,0.24330356259587002
*CC(O)COc1ccc(C(C)(C)c2ccc(O*)cc2)cc1,0.22018197843495532
*CC(c1ccccn1)C(c1ccccc1)C(*)c1ccccn1,0.1933202097529449
*CC1CC(*)OC(CCC)O1,0.2388761011805049
*CC1CCC(COC(=O)CCC(=O)O*)CC1,0.22029528872129656
*CCC(c1ccccc1)C(*)c1ccccc1,0.1946657955077917
*CCC=C(*)c1ccccc1,0.19692603267793565
*CCCC(=O)N*,0.27165909737706184
*CCCCCCCCCCN1C(=O)C2C3C=CC(C4C(=O)N(*)C(=O)C34)C2C1=O,0.24097282636840062
*CCCCCCCCCNC(=O)c1ccc(C(=O)N*)cc1,0.2791986476642647
*CCCCCCCCCn1c(=O)c2cc3c(=O)n(*)c(=O)c3cc2c1=O,0.2700379922282687
*CCCCCCNC(=O)Cc1ccc(C(=O)N*)cc1,0.2650935503748486
*CCCCCCNC(=O)NCc1ccc(CNC(=O)N*)cc1,0.2709677064808444
*CCCCCCNC(=O)c1ccc(-c2ccc(C(=O)N*)cc2)cc1,0.26927546301563676
*CCCCCCNC(=O)c1ccc(C(=O)N*)cc1,0.2711217038571784
*CCCCCCOC(=O)Nc1ccc(Cc2ccc(NC(=O)O*)cc2)cc1,0.2635116377530943
*CCCCCCOC(=O)O*,0.25600542782290925
*CCCCCCOC(=O)c1ccc(-c2ccc(C(=O)O*)cc2)cc1,0.26282340117224023
*CCCCCCOC(=O)c1ccc2cc(C(=O)O*)ccc2c1,0.24053522674635658
*CCCCN(C)C(=O)c1ccc(C(=O)N(*)C)cc1,0.2280731558744503
*CCCCO*,0.26303341387669404
*CCCCOC(=O)CCC(=O)O*,0.22432778356862376
*CCCCOC(=O)CCCCC(=O)O*,0.24418045655758294
*CCCCOC(=O)NCC(F)(F)C(F)(F)C(F)(F)C(F)(F)CNC(=O)O*,0.1858716461287386
*CCCCOC(=O)c1ccc(C(=O)O*)cc1,0.2412218296818071
*CCCCOC(=O)c1ccc2cc(C(=O)O*)ccc2c1,0.21231748128306197
*CCCCOc1ccc(C(=O)OCCOC(=O)c2ccc(O*)cc2)cc1,0.23660906694387868
*CCCNC(=O)Cc1ccc(C(=O)N*)cc1,0.24966960600649546
*CCCOC(=O)c1ccc(C(=O)O*)cc1,0.22607269663539706
*CCCOC(=O)c1ccc2cc(C(=O)O*)ccc2c1,0.22712578779393391
*CCOC(=O)C1CCC(C(=O)O*)CC1,0.22325776322549618
*CCOC(=O)CCC(=O)O*,0.22400372388470227
*CCOC(=O)CCCCCCCCC(=O)O*,0.2432316776746395
*CCOC(=O)NCC1(C)CC(NC(=O)O*)CC(C)(C)C1,0.22392193227858523
*CCOC(=O)Nc1cccc(NC(=O)O*)c1,0.2453737529737696
*CCOC(=O)Nc1cccc2c(NC(=O)O*)cccc12,0.24050674642947772
*CCOC(=O)c1ccc(-c2ccc(C(=O)O*)cc2)cc1,0.24122696995707357
*CCOC(=O)c1ccc(C(=O)O*)c2ccccc12,0.19774433053098872
*CCOC(=O)c1ccc(C(=O)O*)cc1,0.22321454382144007
*CCOC(=O)c1ccc2cc(C(=O)O*)ccc2c1,0.21406800800970818
*CCOC(=O)c1ccc2ccc(C(=O)O*)cc2c1,0.2145073760390855
*CCOC(=O)c1cccc2c(C(=O)O*)cccc12,0.19821588589822473
*CCOCC(=O)O*,0.224319298678372
*CCOCCOC(=O)c1ccc(-c2ccc(C(=O)O*)cc2)cc1,0.23922561904991427
*CCOCCOC(=O)c1cccc(C(=O)O*)c1,0.20689164301464824
*CCOc1ccc(C(=O)OCCOC(=O)c2ccc(O*)cc2)cc1,0.23199029988876232
*CCc1ccc(*)c(C)c1,0.24038490100840817
*CCc1ccc(*)c(Cl)c1,0.1782229019277139
*Cc1cc(*)c(O)cc1C,0.2150926507116944
*Cc1ccc(COC(=O)O*)cc1,0.2354983735395569
*Cc1cccc(CNC(=O)CCCCC(=O)N*)c1,0.23994701404228366
*Cc1cccc(COC(=O)Nc2ccc(Cc3ccc(NC(=O)O*)cc3)cc2)c1,0.23840903915237843
*N=P(*)(OCC(F)(F)F)OCC(F)(F)F,0.13612286953515124
*NC(=O)NCCCCCCNC(=O)NCCCCC(*)C(=O)OC,0.27698848506163803
*NC1CC(C)(C)CC(C)(CNC(=O)CCCCC(*)=O)C1,0.22374619487103992
*Nc1cccc(C(O)Cc2ccc(NC(=O)c3ccc(C(*)=O)cc3)cc2)c1,0.27226100537192477
*OC(C)CC(*)=O,0.2068977383897754
*OC(C)COC(*)=O,0.20705331934196275
*OC(F)(F)C(F)(F)C(*)(F)F,0.1105563719923931
*OC1C(COC(C)=O)OC(*)C(OC(C)=O)C1OC(C)=O,0.19425115510189234
*Oc1c(Br)cc(C(C)(C)c2cc(Br)c(OC(*)=O)c(Br)c2)cc1Br,0.11269051093404585
*Oc1c(C)cc(C(C)(C)c2cc(C)c(OC(*)=O)c(C)c2)cc1C,0.19825742072504432
*Oc1c(Cl)cc(C(C)(C)c2cc(Cl)c(OC(*)=O)c(Cl)c2)cc1Cl,0.13429388549416454
*Oc1c(OC)cc(*)cc1OC,0.22520451733843033
*Oc1cc(C(C)(C)C)c(Oc2ccc(C(=O)Nc3c(C)cc(C(C)(C)c4cc(C)c(NC(=O)c5ccc(*)cc5)c(C)c4)cc3C)cc2)cc1C(C)(C)C,0.2539588671888164
*Oc1cc(C(C)(C)C)c(Oc2ccc(C(=O)Nc3ccc(C(C)(C)c4ccc(NC(=O)c5ccc(*)cc5)c(C)c4)cc3C)cc2)cc1C(C)(C)C,0.25425129815072106
*Oc1cc(C(C)(C)C)c(Oc2ccc(C(=O)Nc3ccc(C(C)(C)c4ccc(NC(=O)c5ccc(*)cc5)cc4)cc3)cc2)cc1C(C)(C)C,0.2664323877741094
*Oc1cc(C(C)(C)C)c(Oc2ccc(C(=O)Nc3ccc(C(c4ccc(NC(=O)c5ccc(*)cc5)cc4)(C(F)(F)F)C(F)(F)F)cc3)cc2)cc1C(C)(C)C,0.20692976216496076
*Oc1ccc(-c2ccc(OC(=O)CCCCCC(*)=O)cc2)cc1,0.24988571747982946
*Oc1ccc(-c2ccc(OC(=O)CCCCCCC(*)=O)cc2)cc1,0.26661863475469577
*Oc1ccc(-c2ccc(OC(=O)CCCCCCCC(*)=O)cc2)cc1,0.2684547231117464
*Oc1ccc(-c2ccc(OC(=O)CCCCCCCCC(*)=O)cc2)cc1,0.2696175548196116
*Oc1ccc(C(=C(Cl)Cl)c2ccc(OC(*)=O)cc2)cc1,0.19371448709721797
*Oc1ccc(C(=O)Nc2cccc(C(O)Cc3ccc(NC(=O)c4ccc(*)cc4)cc3)c2)cc1,0.2683521874730823
*Oc1ccc(C(=O)c2ccc(*)cc2)cc1,0.2586064844403071
*Oc1ccc(C(C#N)(c2ccccc2)c2ccc(OC(*)=O)cc2)cc1,0.20108453301921664
*Oc1ccc(C(C)(C)c2ccc(C(C)(C)c3ccc(OC(*)=O)c(C)c3)cc2)cc1C,0.22266150632875722
*Oc1ccc(C(C)(C)c2ccc(OC(*)=O)c(C(C)C)c2)cc1C(C)C,0.22081388841099808
*Oc1ccc(C(C)(C)c2ccc(OC(*)=O)c(C)c2)cc1C,0.22349572373461957
*Oc1ccc(C(C)(C)c2ccc(OC(*)=O)c(CC)c2)cc1CC,0.22336294889546202
*Oc1ccc(C(C)(C)c2ccc(OC(*)=O)cc2)cc1,0.22449553602117772
*Oc1ccc(C(C)(C)c2ccc(OC(=O)CCCCC(*)=O)cc2)cc1,0.23362340291218398
*Oc1ccc(C(C)(C)c2ccc(OC(=O)c3ccc(C(=O)c4ccc(C(*)=O)cc4)cc3)cc2)cc1,0.2433777944780711
*Oc1ccc(C(C)(C)c2ccc(OC(=O)c3cccc(C(*)=O)c3)cc2)cc1,0.2291550822214907
*Oc1ccc(C(C)(CCC#N)c2ccc(OC(*)=O)c(C)c2)cc1C,0.2078514077613389
*Oc1ccc(C(C)(CCC#N)c2ccc(OC(*)=O)cc2)cc1,0.22458372279090488
*Oc1ccc(C(C)(CCC)c2ccc(OC(*)=O)cc2)cc1,0.22908080381905724
*Oc1ccc(C(C)(c2ccccc2)c2ccc(OC(*)=O)cc2)cc1,0.2227082892170002
*Oc1ccc(C(C)(c2ccccc2)c2ccc(OC(=O)c3cccc(C(*)=O)c3)cc2)cc1,0.21437529506685318
*Oc1ccc(C(CCC)(CCC)c2ccc(OC(*)=O)c(C)c2)cc1C,0.2247053554474951
*Oc1ccc(C(CCC)(CCC)c2ccc(OC(*)=O)cc2)cc1,0.22029645868035733
*Oc1ccc(C(CCCC)(CCCC)c2ccc(OC(*)=O)cc2)cc1,0.22371199710171175
*Oc1ccc(C(c2ccc(OC(*)=O)cc2)(C(F)(F)F)C(F)(F)F)cc1,0.17006200570113775
*Oc1ccc(C(c2ccc(Oc3ccc(C(=O)c4cccc(C(=O)c5ccc(*)cc5)c4)cc3)cc2)(C(F)(F)F)C(F)(F)F)cc1,0.17909485903360967
*Oc1ccc(C2(c3ccc(OC(*)=O)c(C)c3)CCCCC2)cc1C,0.2222413738642474
*Oc1ccc(C2(c3ccc(OC(*)=O)cc3)CCCC2)cc1,0.22227896729606053
*Oc1ccc(C2(c3ccc(OC(*)=O)cc3)CCCCC2)cc1,0.20760133273697773
*Oc1ccc(C2(c3ccc(OC(=O)c4cccc(C(*)=O)c4)cc3)c3ccccc3-c3ccccc32)cc1,0.2071662829889724
*Oc1ccc(NC(=O)c2cccc(C(=O)Nc3ccc(*)cc3)c2)cc1,0.275495388128254
*Oc1ccc(OC(=O)c2ccccc2/C=C/c2ccc(/C=C/c3ccccc3C(*)=O)cc2)cc1,0.22329551968892142
*Oc1ccc(Oc2ccc(C(=O)c3ccc(*)cc3)cc2)cc1,0.2659937571252787
*Oc1ccc(S(=O)(=O)c2ccc(OC(*)=O)cc2)cc1,0.21259250992842582
*Oc1ccc(S(=O)(=O)c2ccc(OC(=O)c3ccc(C(*)=O)cc3)cc2)cc1,0.23678824449687003
*Oc1ccc(S(=O)(=O)c2ccc(Oc3c(C)cc(C(C)(C)c4cc(C)c(*)c(C)c4)cc3C)cc2)cc1,0.19635456429144474
*Oc1ccc(S(=O)(=O)c2ccc(Oc3c(C)cc(C(C)(C)c4cc(C)c(*)c(C)c4)cc3C)cc2C(O)(C(F)(F)F)C(F)(F)F)c(C(O)(C(F)(F)F)C(F)(F)F)c1,0.1538515758254923
*Oc1ccc(S(=O)(=O)c2ccc(Oc3c(C)cc(C(c4cc(C)c(*)c(C)c4)(C(F)(F)F)C(F)(F)F)cc3C)cc2)cc1,0.15465501853684843
*Oc1ccc(S(=O)(=O)c2ccc(Oc3ccc(C(C)(C)c4ccc(*)c(C(OC)(C(F)(F)F)C(F)(F)F)c4)cc3C(OC)(C(F)(F)F)C(F)(F)F)cc2)cc1,0.13580009818943012
*Oc1ccc(S(=O)(=O)c2ccc(Oc3ccc(C(C)(C)c4ccc(*)cc4)cc3)c([N+](=O)[O-])c2)cc1[N+](=O)[O-],0.19391521602677056
*Oc1ccc(S(=O)(=O)c2ccc(Oc3ccc(C(C)(C)c4ccc(*)cc4)cc3[N+](=O)[O-])cc2)cc1,0.19485459819070144
*Oc1ccc(S(=O)(=O)c2ccc(Oc3ccc(C(c4ccc(*)cc4)(C(F)(F)F)C(F)(F)F)cc3)cc2)cc1,0.1584239820299373
*Oc1ccc(Sc2ccc(OC(*)=O)cc2)cc1,0.20694828676189636
*Oc1ccc2c(c1)C1(CC2(C)C)CC(C)(C)c2ccc(OC(*)=O)cc21,0.19331889546395392
*Oc1ccc2c(c1)C1(CC2(C)C)CC(C)(C)c2ccc(OC(=O)c3cccc(C(*)=O)c3)cc21,0.19249764792709095
*Oc1ccc2c(c1)nc1c3cc4c(=O)n5c6cc(*)ccc6nc5c4cc3c(=O)n21,0.2694050725505248
*Oc1ccc2ccc(OC(=O)Oc3ccc(OC(*)=O)cc3)cc2c1,0.2466021285343157
*Oc1cccc2c(OC(=O)Oc3ccc(OC(*)=O)cc3)cccc12,0.22643500727708732
*Oc1cccc2c(OC(=O)c3ccccc3/C=C/c3ccc(/C=C/c4ccccc4C(*)=O)cc3)cccc12,0.20796101093598648
*c1c(C)cc(C(c2cc(C)c(N3C(=O)c4ccc(-c5ccc6c(c5)C(=O)N(*)C6=O)cc4C3=O)c(C)c2)c2cccc3ccccc23)cc1C,0.2236154313098915
*c1cc(Br)c(OC(=O)c2ccc(C(=O)Oc3c(Br)cc(C4(*)OC(=O)c5ccccc54)cc3Br)cc2)c(Br)c1,0.15515684877977398
*c1cc(C(c2ccc(O)c(N3C(=O)c4ccc(Oc5ccc6c(c5)C(=O)N(*)C6=O)cc4C3=O)c2)(C(F)(F)F)C(F)(F)F)ccc1O,0.1843044289281596
*c1cc(CCCC)c(*)s1,0.2852679612954372
*c1ccc(-c2ccc(N3C(=O)c4ccc(-c5cccc6c5C(=O)N(*)C6=O)cc4C3=O)c(C)c2)cc1C,0.23851829546875614
*c1ccc(-c2ccc(N3C(=O)c4ccc(-c5cccc6c5C(=O)N(*)C6=O)cc4C3=O)cc2C(F)(F)F)c(C(F)(F)F)c1,0.1802765290463898
*c1ccc(-c2ccc(N3C(=O)c4ccc(-c5cccc6c5C(=O)N(*)C6=O)cc4C3=O)cc2C)c(C)c1,0.2315672110927458
*c1ccc(C(C)(C)c2ccc(C(C)(C)c3ccc(N4C(=O)c5ccc(Oc6ccc7c(c6)C(=O)N(*)C7=O)cc5C4=O)cc3)cc2)cc1,0.23608617408690857
*c1ccc(C(Cl)(Cl)C(*)Cl)cc1,0.12170298488988872
*c1ccc(C(c2ccc(-c3nc4cc(-c5ccc6nc(*)[nH]c6c5)ccc4[nH]3)cc2)(C(F)(F)F)C(F)(F)F)cc1,0.2246708354291921
*c1ccc(C(c2ccc(-c3nc4ccc(-c5ccc6nc(*)[nH]c6c5)cc4[nH]3)cc2)(C(F)(F)F)C(F)(F)F)cc1,0.23390564459156568
*c1ccc(C)c(N2C(=O)c3ccc(-c4ccc5c(c4)C(=O)N(*)C5=O)cc3C2=O)c1,0.2576493081731726
*c1ccc(Cc2ccc(N(*)Cc3ccccc3)cc2)cc1,0.22432166046044283
*c1ccc(Cc2ccc(N3C(=O)C4CCC5C(=O)N(*)C(=O)C5C4C3=O)c(C)c2)cc1C,0.2241185958224336
*c1ccc(Cc2ccc(N3C(=O)c4ccc(-c5ccc6c(c5)C(=O)N(*)C6=O)cc4C3=O)c(C)c2)cc1C,0.26106633037678517
*c1ccc(Cc2ccc(N3C(=O)c4ccc(Oc5ccc6c(c5)C(=O)N(*)C6=O)cc4C3=O)cc2)cc1,0.26100123767052574
*c1ccc(N2C(=O)c3ccc(C(c4ccc5c(c4)C(=O)N(*)C5=O)(C(F)(F)F)C(F)(F)F)cc3C2=O)cc1,0.19019882098827778
*c1ccc(N2C(=O)c3ccc(Oc4ccc(C(C)(C)c5cccc(Oc6ccc7c(c6)C(=O)N(*)C7=O)c5)cc4)cc3C2=O)cc1,0.23941902561554934
*c1ccc(Oc2c(C)cc(-c3cc(C)c(Oc4ccc(N5C(=O)c6ccc(Oc7ccccc7Oc7ccc8c(c7)C(=O)N(*)C8=O)cc6C5=O)cc4C(F)(F)F)c(C)c3)cc2C)c(C(F)(F)F)c1,0.20477129829446525
*c1ccc(Oc2c(C)cc(C(c3cc(C)c(Oc4ccc(-n5c(=O)c6cc7c(=O)n(*)c(=O)c7cc6c5=O)cc4)c(C)c3)c3cccc4ccccc34)cc2C)cc1,0.23027075712195838
*c1ccc(Oc2c(C)cc(Cc3cc(C)c(Oc4ccc(-n5c(=O)c6cc7c(=O)n(*)c(=O)c7cc6c5=O)cc4)c(C)c3)cc2C)cc1,0.23848922934703062
*c1ccc(Oc2c(C)cc(Cc3cc(C)c(Oc4ccc(N5C(=O)c6ccc(-c7ccc8c(c7)C(=O)N(*)C8=O)cc6C5=O)cc4)c(C)c3)cc2C)cc1,0.24103924320826722
*c1ccc(Oc2cc(C(C)(C)C)ccc2Oc2ccc(-n3c(=O)c4cc5c(=O)n(*)c(=O)c5cc4c3=O)cc2)cc1,0.25999096778296993
*c1ccc(Oc2cc3ccccc3cc2Oc2ccc(N3C(=O)c4ccc(-c5ccc6c(c5)C(=O)N(*)C6=O)cc4C3=O)cc2)cc1,0.2400083114670059
*c1ccc(Oc2cc3ccccc3cc2Oc2ccc(N3C(=O)c4ccc(Oc5ccc6c(c5)C(=O)N(*)C6=O)cc4C3=O)cc2)cc1,0.2217945600329478
*c1ccc(Oc2ccc(-c3ccc(Oc4ccc(N5C(=O)c6ccc(Oc7ccc(C8(c9ccc(Oc%10ccc%11c(c%10)C(=O)N(*)C%11=O)cc9)CCCCCCCCCCC8)cc7)cc6C5=O)cc4)cc3C)c(C)c2)cc1,0.2548301160927845
*c1ccc(Oc2ccc(C(=O)c3ccc(Oc4ccc(C5(*)OC(=O)c6ccccc65)cc4)cc3)cc2)cc1,0.23505011209308463
*c1ccc(Oc2ccc(C(C)(C)c3ccc(Oc4ccc(N5C(=O)C6CCC7C(=O)N(*)C(=O)C7C6C5=O)cc4)cc3)cc2)cc1,0.2385600452495968
*c1ccc(Oc2ccc(C(C)(C)c3ccc(Oc4ccc(N5C(=O)c6ccc(C(=O)c7ccc8c(c7)C(=O)N(*)C8=O)cc6C5=O)cc4)cc3)cc2)cc1,0.2603982603473208
*c1ccc(Oc2ccc(C(c3ccc(Oc4ccc(-n5c(=O)c6cc7c(=O)n(*)c(=O)c7cc6c5=O)cc4)cc3)(C(F)(F)F)C(F)(F)F)cc2)cc1,0.2078376543122371
*c1ccc(Oc2ccc(C(c3ccc(Oc4ccc(N5C(=O)c6ccc(Oc7ccc(C8(c9ccc(Oc%10ccc%11c(c%10)C(=O)N(*)C%11=O)cc9)CCC(C(C)(C)C)CC8)cc7)cc6C5=O)cc4)cc3)(C(F)(F)F)C(F)(F)F)cc2)cc1,0.1973980794982464
*c1ccc(Oc2ccc(C(c3ccc(Oc4ccc(N5C(=O)c6ccc(Oc7ccc8c(c7)C(=O)N(*)C8=O)cc6C5=O)cc4)cc3)(C(F)(F)F)C(F)(F)F)cc2)cc1,0.1977127549568632
*c1ccc(Oc2ccc(C(c3ccc(Oc4ccc(N5C(=O)c6ccc(Oc7ccccc7Oc7ccc8c(c7)C(=O)N(*)C8=O)cc6C5=O)cc4C(F)(F)F)cc3)(C(F)(F)F)C(F)(F)F)cc2)c(C(F)(F)F)c1,0.17450045433955794
*c1ccc(Oc2ccc(C3(c4ccc(Oc5ccc(N6C(=O)c7ccc(Oc8ccccc8Oc8ccc9c(c8)C(=O)N(*)C9=O)cc7C6=O)cc5C(F)(F)F)cc4)c4ccccc4-c4ccccc43)cc2)c(C(F)(F)F)c1,0.18365911491881257
*c1ccc(Oc2ccc(N3C(=O)c4ccc(-c5cccc6c5C(=O)N(*)C6=O)cc4C3=O)cc2)cc1,0.23129471005866883
*c1ccc(Oc2ccc(N3C(=O)c4ccc(C(c5ccc6c(c5)C(=O)N(*)C6=O)(C(F)(F)F)C(F)(F)F)cc4C3=O)cc2)cc1,0.19569780168416018
*c1ccc(Oc2ccc(N3C(=O)c4ccc(Oc5ccc(C(c6ccc(Oc7ccc8c(c7)C(=O)N(*)C8=O)cc6)(C(F)(F)F)C(F)(F)F)cc5)cc4C3=O)cc2)cc1,0.20796406590170727
*c1ccc(Oc2ccc(N3C(=O)c4ccc(Oc5ccc(S(=O)(=O)c6ccc(Oc7ccc8c(c7)C(=O)N(*)C8=O)cc6)cc5)cc4C3=O)cc2)cc1,0.23228740658029617
*c1ccc(Oc2ccc(N3C(=O)c4ccc(Oc5cccc6c5C(=O)N(*)C6=O)cc4C3=O)cc2)cc1,0.23426779356227792
*c1ccc(Oc2ccc(N3C(=O)c4cccc(Oc5cccc6c5C(=O)N(*)C6=O)c4C3=O)cc2)cc1,0.20893838887896188
*c1ccc(Oc2ccc(Oc3ccc(N4C(=O)c5ccc(-c6ccc7c(c6)C(=O)N(*)C7=O)cc5C4=O)cc3)cc2)cc1,0.27210524384546564
*c1ccc(Oc2ccc(Oc3ccc(N4C(=O)c5ccc(-c6cccc7c6C(=O)N(*)C7=O)cc5C4=O)cc3)cc2)cc1,0.23894447130405053
*c1ccc(Oc2ccc(Oc3ccc(N4C(=O)c5ccc(Oc6ccc(C7(c8ccc(Oc9ccc%10c(c9)C(=O)N(*)C%10=O)cc8)CCC(c8ccccc8)CC7)cc6)cc5C4=O)cc3)c(C(C)(C)C)c2)cc1,0.24361155104825416
*c1ccc(Oc2ccc(Oc3ccc(N4C(=O)c5ccc(Oc6ccc7c(c6)C(=O)N(*)C7=O)cc5C4=O)cc3)cc2)cc1,0.244956887664264
*c1ccc(Oc2ccc(Oc3ccc(N4C(=O)c5ccc(Oc6cccc7c6C(=O)N(*)C7=O)cc5C4=O)cc3)cc2)cc1,0.24052665443261145
*c1ccc(Oc2ccc(Oc3ccc(N4C(=O)c5ccc(Oc6ccccc6Oc6ccc7c(c6)C(=O)N(*)C7=O)cc5C4=O)cc3C(F)(F)F)cc2)c(C(F)(F)F)c1,0.1950223292257767
*c1ccc(Oc2ccc(Oc3ccc(N4C(=O)c5cccc(Oc6cccc7c6C(=O)N(*)C7=O)c5C4=O)cc3)cc2)cc1,0.21889659304565046
*c1ccc(Oc2ccc(S(=O)(=O)c3ccc(Oc4ccc(-n5c(=O)c6cc7c(=O)n(*)c(=O)c7cc6c5=O)cc4)cc3)cc2)cc1,0.24320420375079554
*c1ccc(Oc2ccc(S(=O)(=O)c3ccc(Oc4ccc(N5C(=O)c6ccc(C(c7ccc8c(c7)C(=O)N(*)C8=O)(C(F)(F)F)C(F)(F)F)cc6C5=O)cc4)cc3)cc2)cc1,0.1962837542994449
*c1ccc(Oc2ccc(S(=O)(=O)c3ccc(Oc4ccc(N5C(=O)c6ccc(Oc7ccc8c(c7)C(=O)N(*)C8=O)cc6C5=O)cc4)cc3)cc2)cc1,0.2360223905334293
*c1ccc(Oc2ccc3ccc(Oc4ccc(-n5c(=O)c6cc7c(=O)n(*)c(=O)c7cc6c5=O)cc4)cc3c2)cc1,0.2694953888079553
*c1ccc(Oc2cccc(Oc3ccc(N4C(=O)c5ccc(C(=O)c6ccc7c(c6)C(=O)N(*)C7=O)cc5C4=O)cc3)c2)cc1,0.22815028921083347
*c1ccc(Oc2cccc(Oc3ccc(N4C(=O)c5ccc(Oc6ccc7c(c6)C(=O)N(*)C7=O)cc5C4=O)cc3)c2)cc1,0.22458891731741085
*c1ccc(Oc2ccccc2Oc2ccc(N3C(=O)c4ccc(Oc5ccccc5Oc5ccc6c(c5)C(=O)N(*)C6=O)cc4C3=O)cc2C(F)(F)F)c(C(F)(F)F)c1,0.17718057987603203
*c1ccc(S(*)(=O)=O)cc1,0.19339391992817767
*c1ccc(S(=O)(=O)c2ccc(N3C(=O)c4ccc(-c5ccc6c(c5)C(=O)N(*)C6=O)cc4C3=O)cc2)cc1,0.2629288223206478
*c1ccc(S(=O)(=O)c2ccc(N3C(=O)c4ccc(C(=O)c5ccc6c(c5)C(=O)N(*)C6=O)cc4C3=O)cc2)cc1,0.2404849943315568
*c1ccc(S(=O)(=O)c2ccc(N3C(=O)c4ccc(C(c5ccc6c(c5)C(=O)N(*)C6=O)(C(F)(F)F)C(F)(F)F)cc4C3=O)cc2)cc1,0.16673741827097388
*c1ccc(S(=O)(=O)c2ccc(N3C(=O)c4ccc(Oc5ccc6c(c5)C(=O)N(*)C6=O)cc4C3=O)cc2)cc1,0.23520066183933666
*c1ccc(Sc2ccc(-n3c(=O)c4cc5c(=O)n(*)c(=O)c5cc4c3=O)cc2)cc1,0.2593688585685112
*c1ccc(Sc2ccc(N3C(=O)c4ccc(-c5ccc6c(c5)C(=O)N(*)C6=O)cc4C3=O)cc2)cc1,0.25073578579040556
*c1ccc2c(c1)-c1nc3cc(-c4ccc5nc6n(c5c4)C(=O)c4cc(C(*)(C(F)(F)F)C(F)(F)F)ccc4-6)ccc3n1C2=O,0.18251477605482613
*c1ccc2c(c1)-c1nc3cc(Oc4ccc5c(c4)nc4n5C(=O)c5cc(C(*)(C(F)(F)F)C(F)(F)F)ccc5-4)ccc3n1C2=O,0.1823319403117738
*c1ccc2c(c1)-c1nc3cc(Oc4ccc5nc6n(c5c4)C(=O)c4cc(C(*)(C(F)(F)F)C(F)(F)F)ccc4-6)ccc3n1C2=O,0.1777671804966892
*c1ccc2c(c1)C(=O)N(c1c(C(C)C)cc(Cc3cc(C(C)C)c(N4C(=O)c5ccc(C(*)(C(F)(F)F)C(F)(F)F)cc5C4=O)c(C(C)C)c3)cc1C(C)C)C2=O,0.16203235136601835
*c1ccc2c(c1)C(=O)N(c1c(C)c(C)c(N3C(=O)c4ccc(C(*)(C(F)(F)F)C(F)(F)F)cc4C3=O)c(C)c1C)C2=O,0.1613317229602405
*c1ccc2c(c1)C(=O)N(c1c(C)cc(C(c3cc(C)c(N4C(=O)c5ccc(C(*)(C(F)(F)F)C(F)(F)F)cc5C4=O)c(C)c3)c3cccc4ccccc34)cc1C)C2=O,0.1576944282032612
*c1ccc2c(c1)C(=O)N(c1c(C)cc(C)c(N3C(=O)c4ccc(C(*)(C(F)(F)F)C(F)(F)F)cc4C3=O)c1C)C2=O,0.15267963289301115
*c1ccc2c(c1)C(=O)N(c1c(C)cc(Cc3cc(C)c(N4C(=O)c5ccc(C(*)(C(F)(F)F)C(F)(F)F)cc5C4=O)c(C)c3)cc1C)C2=O,0.1614617602449715
*c1ccc2c(c1)C(=O)N(c1c(CC)cc(Cc3cc(CC)c(N4C(=O)c5ccc(C(*)(C(F)(F)F)C(F)(F)F)cc5C4=O)c(CC)c3)cc1CC)C2=O,0.17814071414943797
*c1ccc2c(c1)C(=O)N(c1cc(C(c3ccc(O)c(N4C(=O)c5ccc(C(*)(C(F)(F)F)C(F)(F)F)cc5C4=O)c3)(C(F)(F)F)C(F)(F)F)ccc1O)C2=O,0.13026579276314532
*c1ccc2c(c1)C(=O)N(c1cc(N3C(=O)c4ccc(C(*)(C(F)(F)F)C(F)(F)F)cc4C3=O)ccc1C)C2=O,0.15438757608459389
*c1ccc2c(c1)C(=O)N(c1ccc(-c3ccc(Oc4ccc5c(c4)C(C)(c4ccc(Oc6ccc(-c7ccc(N8C(=O)c9ccc(C(*)(C(F)(F)F)C(F)(F)F)cc9C8=O)cc7)cc6C(F)(F)F)cc4)CC5(C)C)c(C(F)(F)F)c3)cc1)C2=O,0.18389613097121105
*c1ccc2c(c1)C(=O)N(c1ccc(C(C)(C)c3ccc(N4C(=O)c5ccc(C(*)(C(F)(F)F)C(F)(F)F)cc5C4=O)cc3)cc1)C2=O,0.1836966989701515
*c1ccc2c(c1)C(=O)N(c1ccc(C(c3ccc(C)c(N4C(=O)c5ccc(C(*)(C(F)(F)F)C(F)(F)F)cc5C4=O)c3)(C(F)(F)F)C(F)(F)F)cc1C)C2=O,0.12600547876740917
*c1ccc2c(c1)C(=O)N(c1ccc(C(c3ccc(N4C(=O)c5ccc(C(*)(C(F)(F)F)C(F)(F)F)cc5C4=O)cc3)(C(F)(F)F)C(F)(F)F)cc1)C2=O,0.15309306000540376
*c1ccc2c(c1)C(=O)N(c1ccc(Cc3ccc(N4C(=O)c5ccc(C(*)(C(F)(F)F)C(F)(F)F)cc5C4=O)cc3)cc1)C2=O,0.19232083875723488
*c1ccc2c(c1)C(=O)N(c1ccc(Cc3ccc(N4C(=O)c5ccc(C(F)(F)C(F)(F)C(*)(F)F)cc5C4=O)cc3)cc1)C2=O,0.1942470479955605
*c1ccc2c(c1)C(=O)N(c1ccc(Oc3c(C)cc(C(c4cc(C)c(Oc5ccc(N6C(=O)c7ccc(C(*)(C(F)(F)F)C(F)(F)F)cc7C6=O)cc5)c(C)c4)c4cccc5ccccc45)cc3C)cc1)C2=O,0.18274633590521155
*c1ccc2c(c1)C(=O)N(c1ccc(Oc3c(C)cc(Cc4cc(C)c(Oc5ccc(N6C(=O)c7ccc(C(*)(C(F)(F)F)C(F)(F)F)cc7C6=O)cc5)c(C)c4)cc3C)cc1)C2=O,0.18352216779908306
*c1ccc2c(c1)C(=O)N(c1ccc(Oc3ccc(-c4ccc(Oc5ccc(N6C(=O)c7ccc(C(*)(C(F)(F)F)C(F)(F)F)cc7C6=O)cc5)cc4)cc3)cc1)C2=O,0.1863884549382213
*c1ccc2c(c1)C(=O)N(c1ccc(Oc3ccc(C(c4ccc(Oc5ccc(N6C(=O)c7ccc(C(*)(C(F)(F)F)C(F)(F)F)cc7C6=O)cc5)cc4)(C(F)(F)F)C(F)(F)F)cc3)cc1)C2=O,0.17858107083229702
*c1ccc2c(c1)C(=O)N(c1ccc(Oc3ccc(N4C(=O)c5ccc(C(C)(C)CCCCC(*)(C)C)cc5C4=O)cc3)cc1)C2=O,0.22267025587615905
*c1ccc2c(c1)C(=O)N(c1ccc(Oc3cccc(Oc4ccc(N5C(=O)c6ccc(C(*)(C(F)(F)F)C(F)(F)F)cc6C5=O)cc4)c3)cc1)C2=O,0.1788156022602307
*c1ccc2c(c1)C(=O)N(c1ccc(Sc3ccc(Oc4ccc(Sc5ccc(N6C(=O)c7ccc(C(*)(C(F)(F)F)C(F)(F)F)cc7C6=O)cc5)cc4)cc3)cc1)C2=O,0.17143727053645466
*c1ccc2c(c1)C(=O)N(c1ccc3c(c1)-c1cc(N4C(=O)c5ccc(C(*)(C(F)(F)F)C(F)(F)F)cc5C4=O)ccc1C3)C2=O,0.17652823349403773
*c1ccc2c(c1)C(=O)N(c1cccc(Oc3cccc(Oc4cccc(N5C(=O)c6ccc(C(*)(C(F)(F)F)C(F)(F)F)cc6C5=O)c4)c3)c1)C2=O,0.16064307720115262
*c1ccc2c(c1)C(=O)N(c1cccc(S(=O)(=O)c3cccc(N4C(=O)c5ccc(C(*)(C(F)(F)F)C(F)(F)F)cc5C4=O)c3)c1)C2=O,0.1528413962945533
*c1cccc(N2C(=O)c3ccc(-c4cccc5c4C(=O)N(*)C5=O)cc3C2=O)c1,0.20824929842620152
*c1cccc(N2C(=O)c3ccc(C(=O)c4ccc5c(c4)C(=O)N(*)C5=O)cc3C2=O)c1,0.23129027777134784
*c1cccc(N2C(=O)c3ccc(C(c4ccc5c(c4)C(=O)N(*)C5=O)(C(F)(F)F)C(F)(F)F)cc3C2=O)c1,0.17515378234205375
*c1cccc(N2C(=O)c3ccc(Oc4ccc(C(C)(C)c5ccc(Oc6ccc7c(c6)C(=O)N(*)C7=O)cc5)cc4)cc3C2=O)c1,0.22292770821362196
*c1cccc(N2C(=O)c3ccc(Oc4ccc(S(=O)(=O)c5ccc(Oc6ccc7c(c6)C(=O)N(*)C7=O)cc5)cc4)cc3C2=O)c1,0.20918135385849906
*c1cccc(N2C(=O)c3ccc(Oc4ccc5c(c4)C(=O)N(*)C5=O)cc3C2=O)c1,0.2412600406653203
*c1cccc(Oc2ccc(-n3c(=O)c4cc5c(=O)n(*)c(=O)c5cc4c3=O)cc2)c1,0.24577139025078143
*c1cccc(Oc2ccc(N3C(=O)c4ccc(C(=O)c5ccc6c(c5)C(=O)N(*)C6=O)cc4C3=O)cc2)c1,0.24699181233575654
*c1cccc(Oc2ccc(N3C(=O)c4ccc(C(c5ccc6c(c5)C(=O)N(*)C6=O)(C(F)(F)F)C(F)(F)F)cc4C3=O)cc2)c1,0.17217572411439025
*c1cccc(Oc2ccc(N3C(=O)c4ccc(Oc5ccc6c(c5)C(=O)N(*)C6=O)cc4C3=O)cc2)c1,0.23402331365387144
*c1cccc(Oc2ccc(S(=O)(=O)c3ccc(Oc4cccc(N5C(=O)c6ccc(-c7ccc8c(c7)C(=O)N(*)C8=O)cc6C5=O)c4)cc3)cc2)c1,0.21527808894694736
*c1cccc(Oc2cccc(Oc3cccc(-n4c(=O)c5cc6c(=O)n(*)c(=O)c6cc5c4=O)c3)c2)c1,0.21311271923920816
*c1cccc(P(=O)(c2ccc(C(F)(F)F)cc2)c2cccc(-n3c(=O)c4c(-c5cc(C(F)(F)F)cc(C(F)(F)F)c5)c5c(=O)n(*)c(=O)c5c(-c5cc(C(F)(F)F)cc(C(F)(F)F)c5)c4c3=O)c2)c1,0.1282387595791977
*c1cccc(P(=O)(c2ccc(C(F)(F)F)cc2)c2cccc(-n3c(=O)c4c(-c5ccc(C(F)(F)F)cc5)c5c(=O)n(*)c(=O)c5c(-c5ccc(C(F)(F)F)cc5)c4c3=O)c2)c1,0.14952339570233425
*c1cccc(P(=O)(c2ccc(C(F)(F)F)cc2)c2cccc(-n3c(=O)c4c(-c5ccccc5)c5c(=O)n(*)c(=O)c5c(-c5ccccc5)c4c3=O)c2)c1,0.16880523250997687
*c1cccc(P(=O)(c2ccc(C(F)(F)F)cc2)c2cccc(-n3c(=O)c4cc5c(=O)n(*)c(=O)c5cc4c3=O)c2)c1,0.17994654253269862
*c1cccc(P(=O)(c2cccc(-n3c(=O)c4c(-c5cc(C(F)(F)F)cc(C(F)(F)F)c5)c5c(=O)n(*)c(=O)c5c(-c5cc(C(F)(F)F)cc(C(F)(F)F)c5)c4c3=O)c2)c2cc(C(F)(F)F)cc(C(F)(F)F)c2)c1,0.12296878897352406
*c1cccc(P(=O)(c2cccc(-n3c(=O)c4c(-c5ccc(C(F)(F)F)cc5)c5c(=O)n(*)c(=O)c5c(-c5ccc(C(F)(F)F)cc5)c4c3=O)c2)c2cc(C(F)(F)F)cc(C(F)(F)F)c2)c1,0.13723897698495935
*c1cccc(P(=O)(c2cccc(-n3c(=O)c4c(-c5ccccc5)c5c(=O)n(*)c(=O)c5c(-c5ccccc5)c4c3=O)c2)c2cc(C(F)(F)F)cc(C(F)(F)F)c2)c1,0.1447516873750365
*c1cccc(P(=O)(c2cccc(-n3c(=O)c4cc5c(=O)n(*)c(=O)c5cc4c3=O)c2)c2cc(C(F)(F)F)cc(C(F)(F)F)c2)c1,0.15999933398238092
*c1cccc(P(=O)(c2ccccc2)c2cccc(-n3c(=O)c4c(-c5cc(C(F)(F)F)cc(C(F)(F)F)c5)c5c(=O)n(*)c(=O)c5c(-c5cc(C(F)(F)F)cc(C(F)(F)F)c5)c4c3=O)c2)c1,0.12979052822971307
*c1cccc(P(=O)(c2ccccc2)c2cccc(-n3c(=O)c4c(-c5ccc(C(F)(F)F)cc5)c5c(=O)n(*)c(=O)c5c(-c5ccc(C(F)(F)F)cc5)c4c3=O)c2)c1,0.15301644525918146
*c1cccc(P(=O)(c2ccccc2)c2cccc(-n3c(=O)c4c(-c5ccccc5)c5c(=O)n(*)c(=O)c5c(-c5ccccc5)c4c3=O)c2)c1,0.17798381649147088
*c1cccc(P(=O)(c2ccccc2)c2cccc(-n3c(=O)c4cc5c(=O)n(*)c(=O)c5cc4c3=O)c2)c1,0.19427735296314982
*CC(*)c1ccccc1C(=O)OCCCCCC,0.2056666666666666
*CC(*)c1ccc(C(=O)O)c(C(=O)O)c1,0.171
*CCCCCNC(=O)CCCCC(=O)N*,0.327
*CC(*)CCCCCCCCCCCCCCCC,0.375
*CC(*)CC(C)(C)CC,0.1863333333333333
*CC(*)CC,0.2253333333333333
*CC(*)C(=O)Oc1ccccc1C,0.1735
*CC(*)c1ccc(C(C)(C)C)cc1,0.184
*CCCCCCSSCCCCSS*,0.192
*CC(*)C(=O)Oc1ccccc1,0.196
*CC(*)c1cc(C(C)C)ccc1C(C)C,0.1616666666666666
*/C(F)=C(\F)C(F)(C(*)(F)F)C(F)(F)F,0.102
*CC(*)(C)C(=O)NC(=O)Oc1c(Br)cc(S(=O)(=O)c2cc(Br)c(O)c(Br)c2)cc1Br,0.109
*CC(*)c1ccc(C)c(C)c1,0.1905
*CC(*)CCCCCCC,0.2669999999999999
*CC(*)CCCN(CC(C)C)CC(C)C,0.201
*CCCCCCCCCOC(=O)c1ccc(C(=O)NCCCCCNC(=O)c2ccc(C(=O)O*)cc2)cc1,0.315
*c1ccc(-c2ccc(C(*)(c3ccccc3)C(F)(F)F)cc2)cc1,0.233
*CC(*)C(=O)OCCSCCCC#N,0.18
*CC(*)CCCCC,0.2583999999999999
*CC(*)(C)C(=O)OC1CCCCC1,0.2239999999999999
*CC(*)(C)C(=O)OC(C)(C)C,0.1525
*CC1CCC(*)C1,0.3353333333333333
*CCCCCCCCCCC(=O)NCCCCCCNC(=O)CCCCO*,0.3565
*CC(*)(CC(=O)OCCCCC)C(=O)OCCCCC,0.215
*C1Cc2ccccc2C1*,0.13
*CCCCCCCCCCCCCCCCCCCCOC(=O)CCCCCCCC(=O)O*,0.507
*CC(*)(CC(=O)OCCc1ccccc1)C(=O)OCCc1ccccc1,0.199
*CC(*)C(=O)Oc1ccc(C)cc1,0.193
*CCCCCCCCCCCCCCCCCCCCCC(=O)N*,0.4325
*CC(*)c1ccccc1C(=O)OCC,0.1816666666666666
*CCCCCCCCCCCCCCCCOC(=O)NCCCCCCNC(=O)O*,0.348
*CC(*)(C)C(=O)OC1CCC(C(C)(C)C)CC1,0.153
*c1cc(CCCCCCCCCCCCCCCCCCCCCC)c(*)s1,0.39725
*CC(*)(C)C(=O)Oc1c(Cl)c(Cl)c(Cl)c(Cl)c1Cl,0.0829999999999999
*CCCCCCCCCCCCOC(=O)CCCCCCCCCCCCC(=O)O*,0.294
*CC(*)(CF)C(=O)OC,0.1365
*CC(*)CCCC,0.2306666666666666
*CC(*)C(=O)OCC(CC)CC,0.2095
*CCCC(*)(C)C(=O)O,0.1985
*c1cc2cccccc-2c1*,0.163
*CC(*)(C)C,0.2125
*CC(*)(C)C(=O)OCCOCC,0.212
*CC(*)(C)C(=O)OCCN(CC)CC,0.2375
*CC(*)c1ccc(C(=O)OCCN(C)C)cc1,0.2314999999999999
*CC(*)C(=O)OCc1ccc(C#N)cc1,0.182
*c1cc(/C=N/c2cccc(C)c2)cc(*)c1O,0.192
*CC(*)C(=O)OC1CC(C)CC(C)(C)C1,0.2205
*CC(C)(C)CS(=O)(=O)CC(C)(C)COC(=O)O*,0.186
*CCCCCCNC(=O)C(CCCCCCCCCCCCCC)C(=O)N*,0.319
*CCCCCCCCCCOCCCCCCCCCCOCCCCCCO*,0.269
*CC(*)CCCC1CCCCC1,0.2463333333333333
*CCCCCCCCCCOC(=O)CCC(=O)O*,0.285
*CC(*)C(=O)OCCCCCCSCC#N,0.2175
*C1C(=O)OC(=O)C1*,0.1425
*CC(*)(C)C(=O)OC(C(F)(F)F)(C(F)(F)F)C(F)(F)F,0.0465
*C1C(=O)N(c2ccccc2C(=O)OC)C(=O)C1*,0.143
*CC(*)c1cc(Br)ccc1OCCCCC,0.1545
*CC(*)c1cc(C)ccc1F,0.171
*CC(*)O,0.424
*CC(*)c1ccccc1COC(C)C,0.171
*CC(*)c1cc(Br)ccc1OCCC(C)C,0.1674999999999999
*CCCCCCNC(=O)C(CCCCCCCCCCCCC)C(=O)N*,0.2925
*CCCCCCCCCCOCCCCCCCCCCOCCCCCO*,0.38525
*CC(*)c1ccc(Cl)c(Cl)c1,0.114
*c1ccc(-c2ccc3c(c2)C(CCCCCC)(CCCCCC)c2cc(*)ccc2-3)cc1,0.376
*CC(*)(C)C(=O)OCc1ccco1,0.172
*CC(*)c1ccccc1C(=O)OCCCC,0.1953333333333333
*CC/C=C(/*)CCC,0.2233333333333333
*/C=C/c1ccc(*)c2ccc(CCCCCC)cc12,0.339
*CC(*)c1ccccc1COCCCC,0.2096666666666666
*CCCCCCCCCOC(=O)CCCCCCCC(=O)O*,0.294
*c1ccc2c(c1)SC1=Nc3cc(-c4ccc5c(c4)N=C4Sc6cc(*)ccc6N=C4N5)ccc3NC1=N2,0.506
*CC(*)C(=O)OCC(CC)CCCC,0.2309999999999999
*CC(*)c1ccccc1C(=O)OCCC,0.1929999999999999
*CC(*)CC(C)C(F)(F)F,0.148
*CCCCCCCCC(=O)NCCCCCOCCCCCNC(=O)CCCO*,0.289
*CCCCCCCC(*)C,0.371
*CCCCCCCCCCNC(=O)CCCCCCCCCCCCCCC(=O)N*,0.368
*CC(*)(CF)C(=O)OCC,0.1684999999999999
*CCCCCCCCCCOC(=O)CCCC(=O)O*,0.263
*CC(*)C(=O)OCCSCCC#N,0.1875
*CC(*)(C)C(=O)OCCc1ccccc1,0.168
*CC(*)C(=O)NC(C)CC,0.2259999999999999
*CCCCSSCCCCO*,0.199
*CC(*)(C)C(=O)OCCN(CC)S(=O)(=O)C(F)(F)C(F)(F)C(F)(F)C(F)(F)C(F)(F)C(F)(F)C(F)(F)C(F)(F)F,0.1095
*CC(*)(C#N)C(=O)OCCCC,0.179
*c1ccc(N2C(=O)c3ccc(-c4cccc5c4C(=O)N(*)C5=O)cc3C2=O)cc1,0.233
*c1nc2cc3sc(-c4cc(OCCCCCCCCCCCC)c(*)cc4OCCCCCCCCCCCC)nc3cc2s1,0.3647499999999999
*CC(*)(C)C(=O)OCCCCCCCCCCCCCCCCCC,0.317
*Oc1cc(CCC)cc(OC(=O)c2cccc(C(*)=O)c2)c1,0.234
*CC(*)c1ccc(C)cc1C,0.1856666666666666
*Oc1ccc(S(=O)(=O)c2ccc(*)cc2)cc1,0.268
*CCCN*,0.354
*c1nc(C)nc(N(CCCCCCN(*)c2ccccc2)c2ccccc2)n1,0.21
*CC(*)c1ccc(CCCCCCCCCCCCCCCC)cc1,0.3409999999999999
*c1sc(*)c(OCCCCCCCCCCCCCCCCCCCC)c1C,0.3747499999999999
*CC(*)c1ccccc1CC,0.1843333333333333
*CC(*)C(=O)C1CCCCC1,0.204
*CCNC(=O)CCCCCCCCCCCCCCC(=O)N*,0.412
*CC(*)C(=O)OCCCCCC(=O)Oc1ccc(-c2ccc(C#N)cc2)cc1,0.2299999999999999
*CCCCCCCNC(=O)C(CCCCCCCCCCCC)C(=O)N*,0.3455
*CC(*)C(=O)Oc1cccc2ccccc12,0.1644999999999999
*CC(*)(CC(=O)OCC1CCCCC1)C(=O)OCC1CCCCC1,0.19
*CCCCCCCCCCCCCCS*,0.34125
*/C=C/C(C*)C(C)CC,0.203
*CC(*)(C)C(=O)Oc1cccc(C)c1,0.151
*CC(*)C(=O)C(C)C,0.203
*CC(*)(CC(=O)Oc1ccc(C)cc1)C(=O)Oc1ccc(C)cc1,0.182
*CCCCCCCCCCOC(=O)CCCCCCC(=O)O*,0.3445
*CC(*)C(C)=O,0.179
*/C=C/c1ccc(*)c(-c2cc(-c3ccccc3)c(OCC(CC)CCCC)cc2OCC(CC)CCCC)c1,0.256
*c1c(-c2ccccc2)c(-c2ccccc2)c(*)c2cc(C(c3ccc(C#Cc4ccccc4)c(C#Cc4ccccc4)c3)(C(F)(F)F)C(F)(F)F)ccc12,0.103
*CCCCCCCCCNC(=O)CCCCCCCCC(=O)N*,0.3485
*CCCCCCCCCCO*,0.353
*c1ccc2c(c1)C(CCCCCC)(CCCCCC)c1cc(-c3cc(CCCCCC)c(*)cc3CCCCCC)ccc1-2,0.46
*CCCCCCCCCCSCCCCCCS*,0.3305
*/C=C/CCCCC*,0.3143333333333333
*CC(*)C1CCCCC1,0.1906666666666666
*CCCCNC(=O)CC/C=C/CCC(=O)N*,0.258
*CCCCNC(=O)CCCCCCCCCC(=O)N*,0.3229999999999999
*CC(*)C(=O)c1ccc(C(C)(C)C)cc1,0.1915
*CCC(C)CCC(=O)O*,0.253
*c1ccc(-c2ccc(C3(*)CCCCC3)cc2)cc1,0.252
*CC(*)(F)C(=O)OCCC(F)(F)C(F)(F)C(F)(F)C(F)(F)C(F)(F)C(F)(F)C(F)(F)C(F)(F)C(F)(F)C(F)(F)F,0.121
*CCCCCCCCCCCCCCCCCCNC(=O)NCCCCCCCCCCNC(=O)N*,0.39
*C(=O)c1ccc2c(c1)C(=O)N(c1ccc(Oc3ccc(C(=O)c4cccc(C(=O)c5ccc(Oc6ccc(N7C(=O)c8ccc(*)cc8C7=O)cc6)cc5)c4)cc3)cc1)C2=O,0.328
*CC(*)(C)c1ccccc1,0.164
*CCCCCNC(=O)CCCCCCCC(=O)N*,0.301
*c1cc(CCCCCCCCCCCCCCCCCCC)c(*)s1,0.34
*CC(*)c1ccc(C(=O)OC)cc1,0.2033333333333333
*CC(*)(C)C(=O)OCc1cccc([N+](=O)[O-])c1,0.158
*CC(*)OC(=O)c1ccc(OC(=O)CCC)cc1,0.223
*CC(*)OC(=O)CC,0.212
*CCCCCCCCCCCCCCOC(=O)CCCCCCC(=O)O*,0.3165
*CCC(Cl)C(*)Cl,0.1795
*CCCCCCCCCCNC(=O)NCCCCCCCCNC(=O)N*,0.366
*CCCCCCCNC(=O)CCCCCCCCCC(=O)N*,0.4065
*CC(*)c1ccccc1COCc1ccccc1,0.1913333333333333
*CC(*)c1ccc(Cl)c(C)c1,0.154
*CCCCCCCCCCOC(=O)CCCCSCCCCC(=O)O*,0.27
*CCCCCCCCCCCCNC(=O)CCCCCCCCCCCCC(=O)N*,0.3994999999999999
*CCCCCNC(=O)CCCCCCCCCCCCC(=O)N*,0.3415
*CCCCCCCCCCCCCCCCOC(=O)NCCCCCCCCCCNC(=O)O*,0.275
*CCCCCCNC(=O)C(CCCCCCCCCCCCCCC)C(=O)N*,0.3369999999999999
*CCCCSSCCCCOCO*,0.196
*/C=C/C(C*)CCC,0.218
*CC(*)OC(C)C,0.2115
*CC(*)c1ccccc1C(=O)N(C)C,0.165
*CC(*)c1ccc(O)cc1,0.2073333333333333
*CCCCCCCCC(=O)NCCCCCCNC(=O)CCCCO*,0.3185
*CC(*)c1ccccc1COCCC,0.217
*CCCCCNC(=O)CCCCCCCCCCCCCCCCCCC(=O)N*,0.3495
*CC(*)(CC(=O)Oc1cccc(C)c1)C(=O)Oc1cccc(C)c1,0.165
*CCCC(*)(C)CC,0.2339999999999999
*CCCCCC(*)CCCCCCCCCC,0.406
*c1cc(CCCCCCCCCCCCC)c(*)s1,0.40475
*/C=C/CCCCCC*,0.33
*CC(*)C(=O)Oc1ccc(C#N)cc1,0.1845
*C(=O)Nc1ccc(Oc2ccc(N3C(=O)c4ccc(*)cc4C3=O)cc2)cc1,0.297
*CC(*)(C)C(=O)OCCBr,0.128
*/C=C/c1ccc(*)c(-c2cc(OCCC(C)C)c(OCCC(C)C)cc2-c2ccc(C(F)(F)F)cc2)c1,0.184
*CC(*)c1ccccc1C(=O)Oc1ccccc1,0.1693333333333333
*c1cc(OCCCCCCCCCCCC)c(*)cc1O,0.309
*c1ccc(-c2nnc(-c3cccc(-c4nnc(*)n4-c4ccccc4)c3)n2-c2ccccc2)cc1,0.389
*CCCCCCCCCCCCNC(=O)NCCCCCCNC(=O)N*,0.3545
*CCCCCCCCCCCCC(=O)N*,0.33
*CC(*)C(=O)OCc1ccccc1,0.1985
*CC(*)C(=O)OC(C)CCC(CC)CCCC,0.212
*CC(*)c1ccccc1COCCc1ccccc1,0.1883333333333333
*CC(*)(C)C(=O)OCCOC,0.1815
*c1sc(*)c2c1OCC(CCCCCCCCCCCCCCCC)O2,0.44475
*CCC1CCCC1*,0.2863333333333333
*CC(*)CCCCCCCCCC,0.33575
*CC(*)C(=O)OCCSCC,0.2175
*CC(*)C,0.2445
*CC(*)(C)C(=O)OCC,0.1699999999999999
*c1ccc2c(c1)C(CCCCCC)(CCCCCC)c1cc(-c3cc(CCCCCCCCCC)c(*)cc3CCCCCCCCCC)ccc1-2,0.216
*CC(*)(C)C(=O)Oc1ccc(C#N)cc1,0.1345
*CC(*)(CC(=O)OCCCC)C(=O)OCCCC,0.2249999999999999
*CC(*)(C)C(=O)OCC[N+](=O)[O-],0.1895
*CC(*)CCC(C)(C)C,0.1929999999999999
*/C=C/CCCCCCCCCC*,0.4142
*CCCCCCCNC(=O)CCCCC(=O)N*,0.323
*CC(*)c1cccc(C)c1,0.1973333333333333
*CC(*)(C)C(=O)OCC(F)(F)C(F)(F)C(F)(F)C(F)(F)C(F)(F)C(F)(F)C(F)(F)F,0.0735
*Oc1c(C)cc(*)cc1-c1ccccc1,0.1935
*Oc1ccc(Oc2ccc(C(=O)c3ccccc3-c3ccccc3C(=O)c3ccc(*)cc3)cc2)cc1,0.2205
*CC(*)(C)C(=O)Oc1ccc(C)cc1,0.1545
*CC(*)c1cc(C(C)(C)C)ccc1C,0.1636666666666666
*CC(*)(C)C(=O)OC1CCCC(C)C1,0.1545
*CC(*)Cc1ccccc1,0.1963333333333333
*OC(*)C(Cl)(Cl)Cl,0.066
*CC(*)(C)C(=O)OCC(F)(F)C(F)(F)C(F)(F)C(F)F,0.095
*CCCCCCCCCCNC(=O)C(CCCCCCCCCCCC)C(=O)N*,0.35
*CC(*)c1cc(F)ccc1F,0.1403333333333333
*CC(*)(Cl)C(=O)OCCCC,0.178
*CC(*)(C)C(=O)OCCCCCCOc1ccc(-c2ccc(OC)cc2)cc1,0.2175
*CC(*)(CC(=O)OCCCCCC)C(=O)OCCCCCC,0.2319999999999999
*CC(*)c1ccc(COCC(CC)CCCC)cc1,0.268
*CCOC(=O)CCCCSCCCCC(=O)O*,0.212
*CC(*)(C)C(=O)OCCN(CC)c1ccc(/N=N/c2ccc([N+](=O)[O-])cc2)cc1,0.19
*CC(*)c1ccccc1C(=O)OC(C)C,0.1736666666666666
*CCCCSS*,0.175
*CC(*)(Cl)C(=O)OC(C)C,0.1465
*CCCCCCCCCCSSCCCCCCSS*,0.2295
*CC(*)(C)C(=O)OCC(CC)CCCC,0.1935
*CC(*)C(CC)CC,0.1883333333333333
*CC(*)(C)C(=O)OCCCCn1c2ccccc2c2ccccc21,0.1694999999999999
*Cc1ccc(*)cc1,0.267
*CC(*)(C)C(N)=O,0.145
*c1ccc2c(c1)C(CCCCCC)(CCCCCC)c1cc(-c3cc(OCc4ccccc4)c(*)cc3OCc3ccccc3)ccc1-2,0.184
*CC(*)(C)C(=O)NC(=O)OC(C)COc1c(Br)cc(S(=O)(=O)c2cc(Br)c(OCC(C)O)c(Br)c2)cc1Br,0.15
*Cc1ccc(CNC(=O)CCCCCCCCCCCCCCCCCCCCC(=O)N*)cc1,0.359
*CCCCCCCCCCNC(=O)CCCCCCCCCCCCC(=O)N*,0.342
*CC(*)c1ccccc1C(=O)OCC(C)C,0.1696666666666666
*CCCCCCNC(=O)CCCCCCC(=O)N*,0.345
*CCc1ccc(*)o1,0.2784999999999999
*CC(*)n1cc2ccccc2n1,0.2075
*CC(*)c1ccc(F)cc1C,0.1413333333333333
*CCCOC(=O)CCCCCCCCCCCCCCCCC(=O)O*,0.364
*CC(*)C(=O)OCCC#N,0.195
*CCCCCCCCCCOCO*,0.297
*CCCCCCCCCCOC(=O)CCCCCCCC(=O)O*,0.3325
*CC(*)(C)C(=O)OCCCCCCCCCCCCCC,0.3115
*c1sc(*)c(OCCCCCCCCCCCCCC)c1C,0.43675
*CCCCCCCCNC(=O)CCCCCCCCC(=O)N*,0.392
*c1cc(-c2sc(-c3cc(CCCCCCCCCCCCCC)c(*)s3)cc2CCCCCCCCCCCCCC)c2cccccc1-2,0.316
*CCCC(*)(C)C,0.236
*CC(*)(CC(=O)OCCCC1CCCCC1)C(=O)OCCCC1CCCCC1,0.199
*CC(*)c1cc(C)c(C)cc1C,0.2095
*CC(*)(C)C(=O)OCC(F)(F)C(F)(F)C(F)(F)C(F)(F)C(F)(F)C(F)F,0.113
*ON(C(F)(F)F)C(F)(F)C(*)(F)F,0.0905
*CC(*)c1ccccc1C(=O)OCCN(C)C,0.1853333333333333
*CCOCCOCCOC(=O)CCCCCCCC(=O)O*,0.267
*CCCCCCCCCCCCOC(=O)CC/C=C/CCC(=O)O*,0.274
*c1sc(*)c(OCCCCCCCCCCCC)c1C,0.37875
*CC(*)(C)C(=O)OC(C(F)(F)F)C(F)(F)F,0.0755
*CC(*)C(=O)OC(C)CCCCCC,0.245
*CC(*)c1ccccc1COC,0.2066666666666666
*CC(*)c1ccccc1C(=O)OCCCCC,0.1923333333333333
*OC(=O)CCCCCC(*)=O,0.237
*/C=C/C1CCC(*)C1,0.2603333333333333
*c1ccc(NC(=O)Nc2ccc(NC(=O)Nc3ccc(-c4nc(-c5ccc([N+](=O)[O-])cc5)[nH]c4*)cc3)cc2)cc1,0.269
*CC(*)C(=O)OCC(C)(C)C,0.2115
*CCCCCNC(=O)CCCCCCOCCCCCCC(=O)NCCCCCO*,0.285
*CC(*)c1ccc(CCCCCC)cc1,0.241
*CCc1ccc(CCNC(=O)CCCCCCCCCCCCCCCC(=O)N*)cc1,0.3515
*CCCCCCCCCCC(=O)NCCCCCC(=O)N*,0.296
*CCCCCCCCCCCCCCCCCCCCOC(=O)CC(=O)O*,0.318
*CC(*)(C)C(=O)OCC(C)(C)C1OCC(C)(C)CO1,0.1619999999999999
*CC(*)c1ccccc1C(=O)Nc1ccccc1,0.1636666666666666
*CC(*)c1ccccc1C(=O)OCCC(C)C,0.1929999999999999
*CC(*)c1cccs1,0.1995
*CC(*)(C)C(=O)Oc1ccccc1,0.184
*CC(*)(C)C(=O)OCC1CCCO1,0.172
*CC(*)C1CCC(C)CC1,0.1996666666666666
*CC(*)C(=O)Oc1ccc(Cl)cc1Cl,0.119
*CC(*)O[N+](=O)[O-],0.1585
*/C=C/c1ccc(*)c(-c2c(OCC(CC)CCCC)ccc3cc(-c4ccccc4)ccc23)c1,0.212
*C(*)C,0.2033333333333333
*CCCCCNC(=O)CCCCCCCCCCCCCCCCC(=O)N*,0.4165
*CCCCCCCCC(=O)NCCCCCOCCCCCNC(=O)CCCCO*,0.287
*Oc1ccc(OC(=O)CCCCCCCCC(*)=O)cc1,0.257
*CC(*)c1ccccc1C(=O)OC,0.1736666666666666
*CCCCCCCCCCC(=O)NCCCCCOCCCCCNC(=O)CCCO*,0.303
*CC(*)C(=O)OCC(C)CC,0.221
*CC1CCC(COC(=O)CCCCCCCCCCC(=O)O*)CC1,0.279
*CC(*)(C)C(=O)Oc1ccccc1C,0.1905
*CC(*)C(=O)Oc1cccc(C)c1,0.2055
*/C=C/CCCCCCC(Cl)CCCCCC*,0.3405
*CCCCCCCCCCCCCCCCCCCCC(*)COCCOCCOCCOCCOCCCCCC,0.39925
*CC(*)(C)C(=O)OC(F)(C(F)(F)F)C(F)(F)F,0.069
*CC(*)CCCC(C)C,0.2573333333333333
*CCCCCCCCCCCCCCNC(=O)NCCCCCCNC(=O)N*,0.4
*CCCCCCCCCCCCCCCCCCCCOC(=O)CCCCCC(=O)O*,0.406
*C1C(=O)N(c2ccccc2)C(=O)C1*,0.143
*CC(*)c1ccc(C(C)=O)cc1,0.2296666666666666
*CCCCCCCCCCCCCCC(=O)O*,0.3595
*CC(*)(C)C(C)=O,0.1669999999999999
*CC(*)(Cl)C(=O)OC1CCCCC1,0.1365
*C(F)(F)C(*)(F)Cl,0.139
*CC(*)CC1CCCC1,0.2283333333333333
*CCCCCCCCOC(=O)CCCCCNC(=O)CCCCC(=O)NCCCCCC(=O)O*,0.293
*CC(*)(C)C(=O)OCC1(C)COCOC1,0.1305
*/C=C/*,0.394
*CCCCCCCCNC(=O)C(CCCCCCCCCCCC)C(=O)N*,0.331
*CC/C=C(/*)C(C)(C)C,0.20825
*CC(*)C(=O)OC(CC)CC,0.213
*c1cc(*)c(O)c(/C=N/c2ccc(Cl)cc2)c1,0.141
*CC(*)c1ccc(CCC)cc1,0.2345
*CCOCCOC(=O)CCCCCCCCCCCCCCCCC(=O)O*,0.3485
*C1C(=O)N(c2ccc(C)cc2)C(=O)C1*,0.1405
*CC(*)(C)C(=O)OCCC#N,0.138
*CC(*)OCC,0.2465
*CCCCCCCCCCCCNC(=O)C(=O)N*,0.309
*CCCCCCCCCCCCCCCCCCCCOC(=O)CCCCCCCCC(=O)O*,0.276
*CCCCCCCCCCCCCCCCOC(=O)CCCCCCCCCCCCC(=O)O*,0.297
*CC(*)C(=O)OCCCCCCOc1ccc(C(=O)Oc2ccc(C#N)cc2)cc1,0.2245
*CC(*)C(=O)Oc1c(Cl)c(Cl)c(Cl)c(Cl)c1Cl,0.0849999999999999
*CCC(C)C(*)C,0.2329999999999999
*CC(*)(C)C(=O)OCCF,0.1679999999999999
*CC(*)C(=O)N(CCCC)CCCC,0.211
*/C=C/c1cc(OCC2CC3CC2C2CCCC32)c(*)cc1OCC1CC2CC1C1CCCC21,0.24
*CC(*)OC,0.2614999999999999
*CO*,0.246
*CC(*)C=O,0.2425
*CC(*)(C)C(=O)OCC1(C)COC(C)(C)OC1,0.1525
*CC(*)c1ccccn1,0.196
*CC(*)C(=O)OCCCSCCC#N,0.219
*CC(*)c1ccc(C(=O)CCCCCCC)cc1,0.2663333333333333
*CCCCCCSCCS*,0.234
*CC(*)C(=O)OC(CCC(CC)CCCC)CC(C)C,0.2319999999999999
*CCCCCC(*)CCCCCCCCCCCC,0.381
*c1ccc(-c2ccc(C(*)(C)C(F)(F)F)cc2)cc1,0.194
*CC(*)C(=O)OCCSCC#N,0.183
*CC(*)(C)C(=O)OC12CC3CC(C)(CC(C)(C3)C1)C2,0.122
*CC(*)CC(C)CC,0.202
*Oc1ccc(S(=O)(=O)c2ccc(Oc3ccc(C(C)(C)c4ccc(*)cc4)cc3)cc2)cc1,0.204
*CCCCC(C)CC(=O)N*,0.254
*CCCCCCNC(=O)N*,0.328
*CCCCCCCCCCC(=O)NCc1ccc(CNC(=O)CCCCCCCCCCS*)cc1,0.285
*CC(*)C1CCC1,0.209
*CC(*)CCCC(C)(C)C,0.216
*c1ccc(-c2ccc(C(*)(c3ccc(F)cc3)C(F)(F)F)cc2)cc1,0.185
*c1cc(CCCCCCCCCCCCCCCCC)c(*)s1,0.396
*CCCCCCCCCCCSCCCCCCS*,0.3145
*CC(*)C(=O)OCCCSC,0.211
*CC(*)(C)C(=O)OC1CC2CCC1(C)C2(C)C,0.143
*CCc1ccc(CCNC(=O)CCCCCCCCCCCCCCCCC(=O)N*)cc1,0.368
*CCOCCOC(=O)CCCCCCCCC(=O)O*,0.229
*CC(*)(C)C(=O)OCCCCCCCCCC,0.259
*CC(*)(C)C(=O)OC12CC3CC(CC(C3)C1)C2,0.1245
*c1ccc(Oc2cccc(Oc3ccc(N4C(=O)c5cccc(Oc6cccc(Oc7cccc8c7C(=O)N(*)C8=O)c6)c5C4=O)cc3)c2)cc1,0.165
*Oc1cccc(OC(=O)c2ccc(C(C)(C)c3ccc(C(*)=O)cc3)cc2)c1,0.222
*CCCCCCCCNC(=O)CCCCCCCCCCCCC(=O)N*,0.381
*c1ccc(-c2cc(-c3ccc(OCCCCCC)cc3)cc(-c3ccc(-c4ccc5c(c4)C(CCCCCC)(CCCCCC)c4cc(*)ccc4-5)cc3)c2-c2ccc(OCCCCCC)cc2)cc1,0.29
*CC(*)C(=O)Oc1ccccc1C(C)(C)C,0.175
*CC(*)C(=O)Oc1ccc(C(=O)OCCCC)cc1,0.2329999999999999
*CC(*)C(=O)OC(F)(C(F)(F)F)C(F)(F)F,0.1119999999999999
*CC(*)c1ccccc1COCCCCC,0.186
*c1cc(*)c(O)c(/C=N/c2ccc(N3CCOCC3)cc2)c1,0.266
*c1sc(*)c(OCCCCCCCCCCCCCCCC)c1C,0.388
*CCCCCCCCCCCCOC(=O)CCCCCNC(=O)CCCCC(=O)NCCCCCC(=O)O*,0.306
*CCCCCCCCCCCCCCCCCCCCOC(=O)CCC(C)CC(=O)O*,0.362
*CC(*)(C)CC,0.17
*CCCCNC(=O)CCCCCCC(=O)N*,0.2915
*CC(*)(CC(=O)OCc1ccccc1)C(=O)OCc1ccccc1,0.176
*CCCCCC(=O)N*,0.301
*CCCCCCCCCCCCCCCCCCCCc1nnc(*)o1,0.398
*C([2H])([2H])C(*)([2H])c1c([2H])c([2H])c([2H])c([2H])c1[2H],0.199
*CC(*)(C)C(=O)OC1CC(C)CC(C)(C)C1,0.146
*CC(*)c1ccc(Cl)cc1Cl,0.1006666666666666
*CCCCCCOCO*,0.278
*CC(*)CCCCCCCCC,0.3193333333333333
*CCCCCCCCCCNC(=O)CCCCCCC(=O)N*,0.422
*CC(*)(C)C(=O)Oc1ccc(C(C)(C)C)cc1,0.181
*CCCCNC(=O)CCCCC(=O)N*,0.302
*CCCO*,0.296
*CC(*)(C(=O)OC)c1ccccc1,0.1426666666666667
*CC(*)C1CC1,0.2175
*CC(*)c1ccc(C)cc1,0.1873333333333333
*CC(*)C(C)c1ccccc1,0.1506666666666666
*CC(*)C(=O)Oc1cccc(N(C)C)c1,0.221
*CC/C=C(/*)C,0.256
*CCCCCCCCC(=O)NCCCCCCNC(=O)CCCO*,0.286
*CCCCCNC(=O)O*,0.268
*CC(*)C(=O)OCCC(C)OC,0.212
*CC(*)(CC)C(=O)OCC,0.145
*CCCCCCOC(=O)CCCCSCCCCC(=O)O*,0.224
*CC(*)CC(C)(C)C,0.1735
*CC(*)C(=O)NC(C)(C)C,0.199
*CC(*)(Cl)C(=O)OC(C)CC,0.174
*CC(*)C(=O)Oc1ccccc1Cl,0.166
*CCCCCCCCCCCCCCCCCCNC(=O)CCc1ccc(CCC(=O)N*)cc1,0.3755
*CCCCCCCCNC(=O)CCCCC(=O)N*,0.291
*CC(*)C(=O)OCCCCCCCCC,0.281
*CC(*)(C)CCC,0.174
*c1cc(O)c(O)cc1*,0.183
*c1ccc(-c2nc3ccc(Oc4ccc5nc(*)c(-c6ccccc6)c(-c6ccccc6)c5c4)cc3c(-c3ccccc3)c2-c2ccccc2)cc1,0.27
*CC(*)C(=O)NCCCCCCCCCCCCCCCC,0.3105
*Nc1ccc(*)cc1OCCCCCCCCCCCCCCCC,0.3671666666666667
*CC(*)C(=O)Oc1ccc(-c2ccccc2)cc1,0.2055
*CC/C=C(/*)CCCCCCC,0.269
*CC(*)c1cc(Br)ccc1OCCCC,0.1493333333333333
*CCCCCCCCCOC(=O)c1ccc(C(=O)NCCCCCCNC(=O)c2ccc(C(=O)O*)cc2)cc1,0.259
*CC(*)(C)C#N,0.146
*CC(*)(C)C(=O)OC,0.1594999999999999
*CC(*)c1ccc(CCCCCCCC)cc1,0.2674999999999999
*CCCCCCCCCCCCCCCCCCCCOC(=O)CCCCCCC(=O)O*,0.3379999999999999
*CC(*)OC(=O)C1(F)C(F)(F)C(F)(F)C(F)(F)C(F)(F)C1(F)F,0.086
*CCCCCCCCCCCCNC(=O)CCCCC(=O)N*,0.3745
*CC(*)C(=O)OCCCCCCCCCCCCCC,0.3215
*CCCCCCCCCCCCCCCCC(=O)N*,0.379
*CC(*)C(=O)OCC(C)CCC,0.217
*CC(*)(C)C(=O)OCCC(C)(C)C,0.1895
*CC(*)C(=O)NCCCCCC(=O)O,0.2495
*CCCCCCCCCCCC(=O)N*,0.3409999999999999
*CC(*)C(=O)OCCCCCCCCCCCCCCCCCCCCCC,0.3585
*CC(*)(C)C(=O)OCCCCCCCCCCCC,0.2665
*c1cc(/C=N/c2ccc(C)cc2)c(*)c(OC)c1,0.215
*CCCC1CC(=O)N(*)C(=O)C1,0.23
*CCC(C(=O)OCC)C(*)C(=O)OCC,0.2075
*CC(*)c1ccc(CCCCCCCCCCCC)cc1,0.3035
*CCCCCCCCCCCNC(=O)CCCCCCCCCCC(=O)N*,0.389
*CC(*)(C)C(=O)OC(C)C(C)(C)C,0.1674999999999999
*CC(*)C(=O)OCCCC,0.2075
*CC1(*)CCC(C)CC1,0.164
*CCCCCCCCCCOC(=O)CCCCCCCCC(=O)O*,0.281
*CCCCCCCCCCNC(=O)CCCCCCCCCCCCCCCCCCCCC(=O)N*,0.38825
*CC(*)c1ccccc1Cl,0.1436666666666667
*CCCCCCCCCCCCO*,0.4307499999999999
*CCCCCCNC(=O)CCCCCCCCCCCCC(=O)N*,0.355
*CC(*)(C)C(=O)OCCNC(C)(C)C,0.184
*CC(*)(C)C(=O)OC(F)(F)C(F)(F)C(F)(F)C(F)(F)C(F)(F)C(F)(F)C(F)(F)C(F)(F)F,0.084
*CC(*)CCCCCCCCCCCCCCCCCCCC,0.4019999999999999
*CCCCCCCCOC(=O)CCCCCNC(=O)c1ccc(C(=O)NCCCCCC(=O)O*)cc1,0.276
*c1cc(CCCCCCCCCCCCCCC)c(*)s1,0.3742499999999999
*CC(*)C(=O)OCCCSCC,0.2155
*CC(*)(C)C(=O)OCCCCCCCCCCCCCCCC,0.26
*CC(*)(C)C(=O)OCCC(C)CC(C)(C)C,0.198
*C(F)(F)C(F)(F)C1(F)C(*)(F)OC(F)(F)C1(F)F,0.1265
*CC(*)c1c(C)cc(C)cc1C,0.1669999999999999
*CC(*)(C)C(=O)OCc1ccccc1Cl,0.159
*CCCCCCCCCCCCCCC(=O)N*,0.389
*CC(*)c1ccccc1C(=O)NC,0.1836666666666666
*CC(*)c1cc(Br)ccc1OC(C)C,0.124
*CC(*)C(=O)OCCN(CC)c1ccc(/N=N/c2ccc([N+](=O)[O-])cc2)cc1,0.2135
*CC(*)C1CCCC1,0.2016666666666666
*CCCCCCCCSSCCCCSS*,0.192
*CCCCCOC(=O)CCCCSCCCCC(=O)O*,0.202
*CC(*)c1cccc2ccccc12,0.194
*CC(*)C(=O)NCCCCCCCCCCCCCC,0.3746666666666667
*CC(*)C(=O)OC1CCCCC1,0.201
*CC(*)c1ccc(C(C)(C)O)cc1,0.2316666666666666
*CC(*)C(=O)Oc1ccc(C(C)(C)C)cc1,0.2245
*CCCCCCCCCCCCCCCCCCCCOC(=O)COCC(=O)O*,0.3249999999999999
*CC(*)C(=O)OCCc1ccccc1,0.196
*c1cc(CCCCCCCCCCCCCC)c(*)s1,0.4182499999999999
*CCCOC(=O)C1CCC(C(=O)O*)CC1,0.222
*CCCCCCCCCCCCCCCCCCNC(=O)CCCCCCCCCCC(=O)N*,0.4337499999999999
*CC(*)c1ccc(OC(C)=O)cc1,0.2005
*CC(*)(C)C(=O)OCCCCCC,0.184
*C1CCC1*,0.163
*CC(*)c1ccccc1OC,0.1946666666666666
*CCCCCCCNC(=O)CCCCCCCCC(=O)N*,0.3235
*CCCCCCCCCCOCCCCCCCCCCOCCCCO*,0.329
*CCCCCCCCCNC(=O)C(CCCCCCCCCCCC)C(=O)N*,0.347
*CC(*)CCCCCCCCCCC,0.3206666666666666
*CCCCCCNC(=O)CCCCCC(=O)N*,0.278
*c1ccc2c(c1)C(CCCCCC)(CCCCCC)c1cc(-c3cc(CCCCCCCC)c(*)cc3CCCCCCCC)ccc1-2,0.349
*CC(*)C(=O)OCCCCCCCCCCCCCCCC,0.3626666666666667
*CC(*)(C)C(=O)OC1CCC(C)CC1,0.1709999999999999
*CC(*)c1ccc(C(C)(O)CC)cc1,0.2266666666666666
*CCCNC(=O)CCCCCCCCCCCCCCCCCCC(=O)N*,0.407
*CC(*)c1ccc(C(C)C)cc1C(C)C,0.1979999999999999
*CC(*)(C)c1ccc(C(C)C)cc1,0.2013333333333333
*CC(*)C(=O)N1CCOCC1,0.212
*CC(*)(C)C(=O)OCC(C)(C)C,0.1555
*CC(*)(Cl)C(=O)OCCC,0.173
*Oc1ccc(-c2ccc(-c3cc(-c4ccccc4)c(-c4ccc(-c5ccc(OC(=O)c6ccc(C(*)=O)cc6-c6ccccc6)cc5)cc4)c(-c4ccccc4)c3-c3ccccc3)cc2)cc1,0.315
*CCc1ccc(*)s1,0.288
*Nc1ccc(*)cc1CCCCCCCCCCCCCCC,0.314
*CC(*)c1ccc(Cl)c(F)c1,0.1275
*CS*,0.172
*CCNC(=O)CCCCCCCCCCCCCCCCC(=O)N*,0.359
*CC(*)(C)C(=O)OCCCl,0.1325
*c1cc(CCCCCCCCCCCCCCCCCC)c(*)s1,0.36525
*CCCCCCCCCCCCNC(=O)CCCCCCCCC(=O)N*,0.374
*CC(*)c1ccc(CCCCCCCCCC)cc1,0.2825
*CCCCSCCS*,0.226
*CC(CC(*)(C#N)C(=O)OC)c1ccccc1,0.176
*CC(*)C(=O)OC(C)CCCCC,0.2405
*CC(*)CCCCCCCCCCCC,0.339
*/C=C/c1cc(OCCCCCC)c(*)cc1OC,0.524
*CC(*)(C)C(=O)Oc1ccc2ccccc2c1,0.1639999999999999
*CC(*)c1ccc(CC)cc1,0.2013333333333333
*CCCCCC(*)CCCCCCCCCCCCCC,0.403
*CC(*)CC(C)C,0.2083333333333333
*CC(*)OC(=O)c1ccccc1,0.1669999999999999
*CC(*)(C)C(=O)Oc1ccc(CC#N)cc1,0.1655
*c1ccc2ccc3c(*)cc(C#CC=C)c4ccc1c2c34,0.429
*CCCCNC(=O)CCCCCCCCCCC(=O)N*,0.332
*CC(*)c1ccc(CCCC)cc1,0.2096666666666666
*CC(*)C(=O)OCC(F)(F)C(F)(F)OC(F)(F)C(F)(F)C(F)(F)C(F)(F)F,0.086
*CC(*)C(=O)NCCCCCCCC/C=C/CCCCCCCC,0.3065
*CC(*)C1CCCC(C)C1,0.1806666666666666
*CC(*)C(=O)OCCCCSC,0.2005
*CCCCCCCC(=O)N*,0.329
*CC(*)c1cc(Br)ccc1OCC,0.124
*CCCCCCCCCCCCOC(=O)CCCCC(=O)O*,0.292
*CC1(*)CCCCC1,0.1443333333333333
*/C=C(/*)CCCCCCCCCCCCCCCCCCCCC(=O)O,0.403
*CC(=O)N*,0.277
*OC(*)CCC#N,0.1704999999999999
*CC(*)c1ccccc1COCCC(C)C,0.1943333333333333
*CC(*)(CC(=O)OCC)C(=O)OCC,0.1689999999999999
*/C=C/CC*,0.2486666666666666
*CCCCCCCNC(=O)CCCCCC(=O)N*,0.334
*CCCCCCCCCCCCCCOC(=O)CCCCC(=O)O*,0.3555
*CC(*)CCC(C)C,0.216
*CC(*)C#N,0.207
*CC(*)(CC(=O)OCCCc1ccccc1)C(=O)OCCCc1ccccc1,0.2055
*CC(*)(C)C(=O)Oc1ccc(C)cc1C,0.157
*CC(*)CC1CCCCC1,0.2256
*CCCCCCCCCCCCCCNC(=O)CCCCCCCCC(=O)N*,0.3944999999999999
*CCCCCCCCCCCCOC(=O)CCCCCCC(=O)O*,0.284
*CC(*)c1ccc(Cl)cc1C,0.1366666666666667
*CC(*)(C)C(=O)OCCS(=O)CC,0.199
*CC(*)C(=O)OCCC(C)C,0.224
*Sc1c(C)cc(*)cc1C,0.145
*CC(*)C(=O)NC(C)C,0.203
*CC(*)OCCCCCCCCCCCCCCCCCC,0.3868
*CC(*)CCCCCCCCCCCCC,0.3383333333333333
*CCCCCCCCCCCNC(=O)CCCCC(=O)N*,0.3295
*CC(*)c1cc(Cl)ccc1Cl,0.1119999999999999
*CC(*)(C#N)C(=O)OC,0.161
*/C=C/CCC*,0.26655
*CCCCCCCCCCC(Cl)C(*)Cl,0.316
*CC(*)(CC(=O)OC1CCCCC1)C(=O)OC1CCCCC1,0.1694999999999999
*/C=C/c1cc(OCCCCCCCC)c(*)cc1OC,0.31
*CC(*)CCc1ccccc1,0.1803333333333333
*CC(*)(C#N)C(=O)OCCCCCC,0.217
*CC(*)(C)C(=O)OCC(F)(F)C(F)(F)C(F)(F)C(F)(F)C(F)(F)C(F)(F)C(F)(F)C(F)F,0.09
*Oc1ccc(NC(=O)CCCCCCCCCC(=O)Nc2ccc(*)cc2)cc1,0.3745
*CC(*)CCCCCCCC,0.286
*CC(*)C(C)C,0.1868
*CC(*)c1ccc(COCCOCCCCCCCC)cc1,0.282
*CCCCCCCCc1nnc(*)o1,0.324
*CCCCCCCCCCCCCCCC(=O)O*,0.3954
*CC(*)c1cccc(F)c1,0.1623333333333333
*CC(*)C(=O)NCCCCCCCCCCCCCCCCCCCCCC,0.3665
*CC(*)C(=O)Oc1ccc(OC)cc1,0.208
*CCNC(=O)CCCCCCCCC(=O)N*,0.302
*CC(*)C(=O)OC(C)CC(C)C,0.207
*CCCCCCN(C)C(=O)CCCCCCCCCCCCCCC(=O)N(*)C,0.33
*CCCCCCCCCCC(=O)NCCCCCOCCCCCNC(=O)CCCCO*,0.3349999999999999
*CC(*)C(=O)OC12CC3CC(C)(CC(C)(C3)C1)C2,0.1635
*CC(*)CCCCCCCCCCCCCC,0.3409999999999999
*CCCCCCCCCCOCCCCCCOCCCCCCO*,0.36175
*C(=O)N(*)CCCCCCCCCCCCCCCCCC,0.408
*CC(*)CCC,0.2463333333333333
*CC(*)(C)C(=O)OC(C)C(F)(F)F,0.1139999999999999
*CC(*)CC(CC)CC,0.219
*CCCCCCCCCNC(=O)CCCCCCCCCCCC(=O)N*,0.348
*CC(*)(C)C(=O)OCc1ccccc1,0.1755
*CCCCCNC(=O)CCCCCCCCCCCC(=O)N*,0.3545
*CC(*)C(=O)OCCCCCCCCCCCCCCCCCC,0.3795
*CC(*)OC(=O)CCCCCCCCCCCCCCCCC,0.305
*c1ccc(-c2ccc(-c3ccc(C(*)(CC)C(F)(F)F)cc3)cc2)cc1,0.236
*CCCCCCCCCCCCCCNC(=O)CCCCCCCCCCC(=O)N*,0.346
*CC(*)(CC(=O)Oc1ccccc1)C(=O)Oc1ccccc1,0.154
*CC(*)c1ccc(COCCCCCCOc2ccc(-c3ccc(OC)cc3)cc2)cc1,0.3
*CC(*)c1cccc(-c2ccc(-c3ccccc3)cc2)c1,0.1956666666666666
*CC(*)C(=O)N(C)c1ccccc1,0.1775
*CC(*)(C)C(=O)OC(F)(C(F)(F)F)C(F)(F)Cl,0.069
*CC(*)C(=O)N(C)C,0.2125
*CCCCCCCCCCOC(=O)CCCCS(=O)(=O)CCCCC(=O)O*,0.278
*CC(*)OC(=O)CCCCCCCCCCCCCCC,0.319
*CC(*)c1ccc(CCCCCCCCCCCCCC)cc1,0.3399999999999999
*CC(*)(C)C(=O)OCCCCCCCC,0.2415
*CC(*)C(=O)OCC,0.2305
*CC(*)C(=O)NCCCC,0.252
*CCC(=O)OC(=O)CCc1ccc(*)o1,0.216
*CC(*)n1c2ccccc2c2ccccc21,0.147
*CC(*)(C)C(=O)OCCCCC,0.1895
*CC(*)(C)C(=O)OCCCC,0.203
*CC(*)c1cccc(CC)c1,0.186
*CC(*)(CC(=O)Oc1ccccc1C)C(=O)Oc1ccccc1C,0.1635
*CCCCNC(=O)CCCCCCCCC(=O)N*,0.355
*C(=O)NCCCCCCCCCCNC(=O)c1ccc(*)o1,0.217
*CCCCCCCCCNC(=O)CCCCCCCC(=O)N*,0.361
*CC(*)(C)C(=O)OC(C)CC,0.182
*CCCCCCCCCCSCCCCS*,0.282
*CC(*)C(C)(C)C,0.1363333333333333
*c1cc(CCCCCCCCCCCCCCCC)c(*)s1,0.381
*CC(*)C(=O)OCCCCCC,0.2565
*CC(*)(C)C(=O)OCCN(C)C,0.2005
*CC(*)C(=O)OCCSC,0.181
*CCCCCCCCNC(=O)CCCCCCCCCCCCCCCCC(=O)N*,0.3725
*c1nc(-c2ccccc2)nc(N(c2ccccc2)c2ncnc(N(*)c3ccccc3)n2)n1,0.185
*CC(*)CCCCCCCCCCCCCCCCCC,0.381
*CCCCCCCCCCCCCCCCOC(=O)C/C=C/CC(=O)O*,0.315
*CC(*)CCCCCC,0.238
*CCCCCCCCCCCSCCCCCCCCCCS*,0.352
*CCCCCCCCCCNC(=O)CCCCCCCCCCCCCCCCC(=O)N*,0.381
*CC(*)c1cc(C)ccc1C,0.173
*CC(*)C(=O)c1ccc(C)cc1,0.1975
*c1cc(CCCCCCCCCCCCCCCC)c(*)[nH]1,0.4075
*CC(*)c1cccc(Cl)c1,0.14175
*CC1CCC(COC(=O)NCCSCCCCCCSCCNC(=O)O*)CC1,0.24
*CCCCCCCCCCOC(=O)CCCCCCCCCCC(=O)O*,0.319
*CC(*)CCC1CCCCC1,0.2176666666666666
*CC(*)C(=O)N(C(C)C)C(C)C,0.1865
*CC(*)CCC(C)CC,0.229
*CC(*)CNc1ccc([N+](=O)[O-])cn1,0.192
*CCCCCCCCCCOC(=O)NCCCCCCCCCCNC(=O)O*,0.316
*C(*)CC,0.206
*CCCCCCCCCCCCCCCCCCCCCCOC(=O)CCCCC(=O)O*,0.376
*CC(*)c1cc(Br)ccc1OCCC,0.136
*CCCCCCSCCCCCS*,0.241
*CC(*)(C#N)C(=O)OCC,0.1805
*CCCCCCNC(=O)C(CCCCCCCCCCCCCCCC)C(=O)N*,0.3235
*CC(*)OC(=O)CCCCCCCCCCC,0.261
*c1ccc(-c2ccc(C(*)(C)C)cc2)cc1,0.247
*CC(*)C(=O)NCCCCCCCCCCCCCCCCCC,0.383
*CCOCCOC(=O)C(CCCCCCCCC)C(=O)O*,0.224
*CCCCCCC(=O)NCCCCCCNC(=O)CCCCCCO*,0.3215
*CC(*)C(=O)NCCCCCCCCCCCC,0.3435
*CC(*)C(C)CC,0.1897499999999999
*CCCCCCNC(=O)CCCCCCCCCCCCCCCCC(=O)N*,0.3955
*CC(*)(C)C(=O)OC1CCCCC1C,0.153
*/C=C/c1cc(OCC(CC)CCCC)c(*)cc1-c1ccc(F)c(C(F)(F)F)c1,0.185
*CCCCCCCCCCCCCCC(*)Cl,0.3735
*CC(*)C(=O)Oc1ccc(Cl)cc1,0.158
*CCCCCCCCCCCCCCCCCCNC(=O)CCCCCCCCCCCCCCCCC(=O)N*,0.4533333333333333
*CC(*)c1ccccc1C,0.1903333333333333
*/C=C/C(C)CCCCC*,0.2486666666666666
*CCC/C=C(/*)c1ccc(Cl)cc1,0.184
*CCCCCCCCCCCCCCCCCCOCO*,0.406
*c1ccc(-c2sc(-c3cc(CCCCCCCCCCCC)c(*)s3)cc2CCCCCCCCCCCC)cc1,0.413
*CCCCCCCCCCNC(=O)CCCCCCCCC(=O)N*,0.408
*CCCCNC(=O)CCCCCCCCCCCCCCC(=O)N*,0.3735
*/C=C/CCCCCCCC*,0.3688333333333332
*SC(*)(F)F,0.114
*CC(*)c1ccc(CCCCCCCCC)cc1,0.277
*CC(*)c1cc(Br)ccc1OC,0.132
*CCCCCCCCCOCO*,0.277
*CC(*)(CC(=O)OCCC)C(=O)OCCC,0.1845
*CC(*)c1ccccc1COCC,0.1846666666666666
*CC(*)(CC(=O)OC)C(=O)OC,0.152
*/C=C/c1ccc(*)c(-c2cc(OCC(CC)CCCC)c(-c3ccccc3)cc2OCC(CC)CCCC)c1,0.237
*CC(*)(Cl)C(=O)OCC,0.1985
*CC(*)c1ccccc1F,0.1746666666666666
*CC(*)C1CC=CCC1,0.18075
*CC(*)Cl,0.139
*CCCC(=O)NCc1ccc(CNC(=O)CCCO*)cc1,0.259
